Date,Description,Amount,Extended Details,Appears On Your Statement As,Address,City/State,Zip Code,Country,Reference,Category,
09/03/2026,SPOTIFY P466D68DE6 6NEW YORK            NY,14.18,"P466D68DE6  SUPPORT@SPOTIFY.COM
SPOTIFY P466D68DE6 685603
NEW YORK
NY
SUPPORT@SPOTIFY.COM",SPOTIFY P466D68DE6 6NEW YORK            NY,"4 WORLD TRADE
CTR 150 GREENWICH ST","NEW YORK
NY",10007,UNITED STATES,320262460187985110,Communications-Cable & Internet Comm,
09/01/2026,NATIONWIDE PARKING S800-291-8237        CO,9.99,"21105176244 PARKING
NATIONWIDE PARKING SE
800-291-8237
CO
PARKING",NATIONWIDE PARKING S800-291-8237        CO,"1416 LARIMER ST
SUITE","DENVER
CO",80202,UNITED STATES,320262450174625057,Transportation-Parking Charges,
08/25/2026,AMAZON MARKEPLACE NA PA,10.12,"3PXRKO0XHD8 MERCHANDISE
AMAZON MARKETPLACE NA PA
AMZN.COM/BILL
WA
MERCHANDISE",AMAZON MARKETPLACE NAMZN.COM/BILL       WA,410 TERRY AVE N,"SEATTLE
WA",98109,UNITED STATES,320262370926170844,Merchandise & Supplies-Internet Purchase,
08/24/2026,GOOGLE *GOOGLE ONE  G.CO/HELPPAY#       CA,5.25,"A17TF8QF    COMPUTER STORE
GOOGLE *GOOGLE ONE
G.CO/HELPPAY#
CA
COMPUTER STORE",GOOGLE *GOOGLE ONE  G.CO/HELPPAY#       CA,1600 AMPHITHEATRE PKWY,"MOUNTAIN VIEW
CA",94043,UNITED STATES,320262390992789186,Business Services-Internet Services,
08/21/2026,AMAZON MARKEPLACE NA PA,35.96,"5YRBQ9GTOY6 MERCHANDISE
AMAZON MARKETPLACE NA PA
AMZN.COM/BILL
WA
MERCHANDISE",AMAZON MARKETPLACE NAMZN.COM/BILL       WA,410 TERRY AVE N,"SEATTLE
WA",98109,UNITED STATES,320262330795749725,Merchandise & Supplies-Internet Purchase,
08/20/2026,LIFESTANCE HEALTH COCOLORADO SPRI       CO,250.0,"10156320260 6027672100
LIFESTANCE HEALTH CO 1460 650000013183
COLORADO SPRI
CO
Description : MEDICAL SRV/HEALTH Price : 2.5
6027672100",LIFESTANCE HEALTH COCOLORADO SPRI       CO,"5353 NORTH UN BLVD
STE 202","COLORADO SPRINGS
CO",80918,UNITED STATES,320262330795990113,Business Services-Health Care Services,
08/18/2026,UTE SERVICIO AEROBUSLUGO                ES,18.0,"00000686300 LOCAL TRANSPORTATION
UTE SERVICIO AEROBUS 352872436
LUGO
ES
LOCAL TRANSPORTATIONForeign Spend Amount: 15.50 EURO Commission Amount:  Currency Exchange Rate: null",UTE SERVICIO AEROBUSLUGO                ES,"""COTON DE ARRIBA, 2""
POLIGONO INDUSTRIAL LOUZANETA",,27297,SPAIN,320262300730896064,Transportation-Rail Services,
08/16/2026,"E.S. SERRANO OCHOA, ALAGON              ES",86.23,"8942934     GAS STATION
E.S. SERRANO OCHOA, S.L.
ALAGON
ES
GAS STATIONForeign Spend Amount: 74.43 EURO Commission Amount:  Currency Exchange Rate: null","E.S. SERRANO OCHOA, ALAGON              ES","""C. PEDRO IV DE ARAGON, 4""
ALAGON",,50630,SPAIN,320262280669638897,Transportation-Fuel,
08/16/2026,ENTERPRISE RENT A CAZARAGOZA            ES,214.18,"4N5S4Y 2025 00000917820130
ENTERPRISE RENT A CAR ES ESTACION AVE,
ZARAGOZA
ES
00000917820130Foreign Spend Amount: 184.38 EURO Commission Amount:  Currency Exchange Rate: null",ENTERPRISE RENT A CAZARAGOZA            ES,"""ESTACIóN AVE ZARAGOZA, C/RIOJA, 33""
ZARAGOZA",,50004,SPAIN,320262300708230605,Travel-Vehicle Rental,
08/16/2026,FARMACIA OLONDRIS 05DONOSTIA/SAN        ES,21.96,"098677      DRUG STORE/PHARMACY
FARMACIA OLONDRIS 059287557
DONOSTIA/SAN
ES
DRUG STORE/PHARMACYForeign Spend Amount: 18.95 EURO Commission Amount:  Currency Exchange Rate: null",FARMACIA OLONDRIS 05DONOSTIA/SAN        ES,"CALLE HERNANI  11
DONOSTIASAN SEBASTIAN",,20004,SPAIN,320262280668219106,Merchandise & Supplies-Pharmacies,
08/15/2026,RENFE VIRTUAL INTERNMADRID              ES,93.27,"00045506999 PASSENGER RAILWAY
RENFE VIRTUAL INTERNET 041909003
MADRID
ES
PASSENGER RAILWAYForeign Spend Amount: 80.50 EURO Commission Amount:  Currency Exchange Rate: null",RENFE VIRTUAL INTERNMADRID              ES,"""AVDA. PIO XII, 110. CARACOLA 8""
MADRID",,28036,SPAIN,320262270615491401,Transportation-Rail Services,
08/14/2026,HERTZ-DOLLAR-THRIFTYSPAIN               ES,224.11,"12184310262 DISEMINADO AEROPUERTO
DISEMINADO AEROPUERTO SON
HERTZ-DOLLAR-THRIFTY-FIREFLY PALMA DE
SPAIN
ES
DISEMINADO AEROPUERTO SONForeign Spend Amount: 194.10 EURO Commission Amount:  Currency Exchange Rate: null",HERTZ-DOLLAR-THRIFTYSPAIN               ES,"SUBMISSION EURO
SPAIN",,00000,SPAIN,320262260602131516,Travel-Vehicle Rental,
08/14/2026,IRISH PUB MY BAR 022BARCELONA           ES,10.33,"0037071     BAR/NIGHTCLUB
IRISH PUB MY BAR 022437412
BARCELONA
ES
BAR/NIGHTCLUBForeign Spend Amount: 8.95 EURO Commission Amount:  Currency Exchange Rate: null",IRISH PUB MY BAR 022BARCELONA           ES,"C/ FERRAN 8
BARCELONA",,08002,SPAIN,320262260609576647,Restaurant-Restaurant,
08/14/2026,RESTAURANTE MY BAR 0BARCELONA           ES,29.79,"13829       RESTAURANT
RESTAURANTE MY BAR 005336326
BARCELONA
ES
RESTAURANTForeign Spend Amount: 25.80 EURO Commission Amount:  Currency Exchange Rate: null",RESTAURANTE MY BAR 0BARCELONA           ES,"C/ FERRAN 8
BARCELONA",,08002,SPAIN,320262260609576704,Restaurant-Restaurant,
08/13/2026,IRISH PUB MY BAR 022BARCELONA           ES,10.33,"0037060     BAR/NIGHTCLUB
IRISH PUB MY BAR 022437412
BARCELONA
ES
BAR/NIGHTCLUBForeign Spend Amount: 8.95 EURO Commission Amount:  Currency Exchange Rate: null",IRISH PUB MY BAR 022BARCELONA           ES,"C/ FERRAN 8
BARCELONA",,08002,SPAIN,320262260609576365,Restaurant-Restaurant,
08/13/2026,IRISH PUB MY BAR 022BARCELONA           ES,21.8,"0037055     BAR/NIGHTCLUB
IRISH PUB MY BAR 022437412
BARCELONA
ES
BAR/NIGHTCLUBForeign Spend Amount: 18.85 EURO Commission Amount:  Currency Exchange Rate: null",IRISH PUB MY BAR 022BARCELONA           ES,"C/ FERRAN 8
BARCELONA",,08002,SPAIN,320262250579042186,Restaurant-Restaurant,
08/12/2026,BANFIELD WELLNESS PGRM,44.95,"50278657205 866-894-7927
BANFIELD WELLNESS CB
VANCOUVER
WA
Description : CONTINUITY/SUBSCRIP Price : 0.00
866-894-7927",BANFIELD WELLNESS CBVANCOUVER           WA,8000 NORTH EAST TILLAMOOK ST,"PORTLAND
OR",97213-6655,UNITED STATES,320262240527143633,Business Services-Health Care Services,
08/12/2026,EROSKI CITY SON FERRCALVIA              ES,34.58,"3273        GROCERY STORE
EROSKI CITY SON FERRER 091277723
CALVIA
ES
GROCERY STOREForeign Spend Amount: 29.94 EURO Commission Amount:  Currency Exchange Rate: null",EROSKI CITY SON FERRCALVIA              ES,"MUSSOL S/N
LOCAL 9
CALVIA",,07184,SPAIN,320262240549053896,Merchandise & Supplies-Groceries,
08/12/2026,ONLINE PAYMENT - THANK YOU,-2302.17,"ONLINE PAYMENT - THANK YOU
",ONLINE PAYMENT - THANK YOU,,,,,320262240521486874,,
08/12/2026,REVERENCE MARE HOTELPALMA DE MALL       ES,10.16,"0990msq3ixn LODGING
REVERENCE MARE HOTEL 055563613
PALMA DE MALL
ES
LODGINGForeign Spend Amount: 8.80 EURO Commission Amount:  Currency Exchange Rate: null",REVERENCE MARE HOTELPALMA DE MALL       ES,"""C/ HERMANOS MONCADA, 17""
PALMA NOVA - PALMA DE MALLORCA",,07181,SPAIN,320262240549060290,Travel-Lodging,
08/12/2026,SPAR EL TORO 0199104SON FERRER          ES,54.16,"0796        GROCERY STORE
SPAR EL TORO 019910488
SON FERRER
ES
GROCERY STOREForeign Spend Amount: 46.90 EURO Commission Amount:  Currency Exchange Rate: null",SPAR EL TORO 0199104SON FERRER          ES,"""AV. GRRAN VIA, 4 5 Y 6""
EL TORO   CALVIA",,07182,SPAIN,320262240549065023,Merchandise & Supplies-Groceries,
08/11/2026,RESTAURANT LOLIVE 35BARCELONA           ES,108.48,"0009486     RESTAURANT
RESTAURANT LOLIVE 354396160
BARCELONA
ES
RESTAURANTForeign Spend Amount: 93.78 EURO Commission Amount:  Currency Exchange Rate: null",RESTAURANT LOLIVE 35BARCELONA           ES,"CALLE BALMES 47 BAJO
BARCELONA",,08007,SPAIN,320262230519385533,Restaurant-Restaurant,
08/10/2026,OCULUS *Q5ZLVZDYH2  OCULUS.COM          CA,8.4,"28163653243 DIGITALGOOD
OCULUS *Q5ZLVZDYH2
OCULUS.COM
CA
DIGITALGOOD",OCULUS *Q5ZLVZDYH2  OCULUS.COM          CA,1 HACKER WAY BLDG 10,"MENLO PARK
CA",94025-1456,UNITED STATES,320262220466602477,Merchandise & Supplies-Internet Purchase,
08/06/2026,GOOGLE *YOUTUBE     G.CO/HELPPAY#       CA,9.81,"A17KFNWR    LARGE DIGITAL GOODS M
LARGE DIGITAL GOODS MERCH
GOOGLE *YOUTUBE
G.CO/HELPPAY#
CA
LARGE DIGITAL GOODS MERCH",GOOGLE *YOUTUBE     G.CO/HELPPAY#       CA,1600 AMPHITHEATRE PKWY,"MOUNTAIN VIEW
CA",94043,UNITED STATES,320262190384199992,Business Services-Internet Services,
08/03/2026,SPOTIFY P4545361B9 6NEW YORK            NY,14.18,"P4545361B9  SUPPORT@SPOTIFY.COM
SPOTIFY P4545361B9 685603
NEW YORK
NY
SUPPORT@SPOTIFY.COM",SPOTIFY P4545361B9 6NEW YORK            NY,"4 WORLD TRADE
CTR 150 GREENWICH ST","NEW YORK
NY",10007,UNITED STATES,320262150259812715,Communications-Cable & Internet Comm,
08/02/2026,UBER EATS           help.uber.com       CA,17.64,"5NFZGM3X   JNUPWBNJ         94158
UBER EATS
help.uber.com
CA
JNUPWBNJ         94158",UBER EATS           help.uber.com       CA,"1515 3rd Street
-","SAN FRANCISCO
CA",94158,UNITED STATES,320262140222694563,Restaurant-Restaurant,
07/29/2026,AMAZON MARKEPLACE NA PA,217.22,"6B3NT68SF6R MERCHANDISE
AMAZON MARKETPLACE NA PA
AMZN.COM/BILL
WA
MERCHANDISE",AMAZON MARKETPLACE NAMZN.COM/BILL       WA,410 TERRY AVE N,"SEATTLE
WA",98109,UNITED STATES,320262110143038788,Merchandise & Supplies-Internet Purchase,
07/28/2026,HOTELCOM735065700856HOTELS.COM          WA,525.92,"80UZ8FP91K7 8777877186 / frdss@ex
8777877186 / frdss@expedi
HOTELCOM73506570085679
HOTELS.COM
WA
8777877186 / frdss@expedi",HOTELCOM735065700856HOTELS.COM          WA,"SUITE 200
10190 COVIGTON CROSS DR","LAS VEGAS
NV",89144,UNITED STATES,320262090080867407,Travel-Travel Agencies,
07/28/2026,RYANAIR LTD AIRLINE DUBLIN              IR,191.89,"N8DPYK__133 WWW.RYANAIR.COM
PASSENGER TICKET
RYANAIR LTD AIRLINE
DUBLIN
IR
Carrier : RYANAIR
Passenger Name : RUSSELL/BRIAN MR
Ticket Number : N8DPYK
Departure Day : 08/12
Additional Info : PASSENGER TICKET
From : BARCELONA
To : PALMA MALLORCA
Class : H
From : PALMA MALLORCA
To : BARCELONA
Class : H",RYANAIR LTD AIRLINE DUBLIN              IR,"AIRSIDE BUSINESS PARK
SWORDS
DUBLIN",,6,IRELAND,320262100119016630,Travel-Airline,
07/24/2026,GOOGLE *GOOGLE ONE  G.CO/HELPPAY#       CA,5.25,"A17CHDZV    SELLER
GOOGLE *GOOGLE ONE
G.CO/HELPPAY#
CA
SELLER",GOOGLE *GOOGLE ONE  G.CO/HELPPAY#       CA,1600 AMPHITHEATRE PKWY,"MOUNTAIN VIEW
CA",94043,UNITED STATES,320262080061944775,Business Services-Internet Services,
07/23/2026,DRAGEN VAPE         LAKEWOOD            CO,53.73,"72300044    720-280-3063
DRAGEN VAPE
LAKEWOOD
CO
Description : TOBACCO/ACC Price : 0.00
720-280-3063",DRAGEN VAPE         LAKEWOOD            CO,5200 WEST COLFAX AVE,"LAKEWOOD
CO",80214,UNITED STATES,320262050962204893,Merchandise & Supplies-General Retail,
07/17/2026,DRAGEN VAPE         LAKEWOOD            CO,53.73,"72100043    720-280-3063
DRAGEN VAPE
LAKEWOOD
CO
Description : TOBACCO/ACC Price : 0.00
720-280-3063",DRAGEN VAPE         LAKEWOOD            CO,5200 WEST COLFAX AVE,"LAKEWOOD
CO",80214,UNITED STATES,320261990789517865,Merchandise & Supplies-General Retail,
07/17/2026,TARGET              EDGEWATER           CO,46.29,"0           8004400680
TARGET
EDGEWATER
CO
Description : REFER TO RECEIPT Price : 0.00
8004400680",TARGET              EDGEWATER           CO,1985 SHERIDAN BLVD,"EDGEWATER
CO",80214,UNITED STATES,320261990799478306,Merchandise & Supplies-Wholesale Stores,
07/12/2026,BANFIELD WELLNESS PGRM,44.95,"50277136849 866-894-7927
BANFIELD PET HOSPITAL
VANCOUVER
WA
Description : CONTINUITY/SUBSCRIP Price : 0.00
866-894-7927",BANFIELD PET HOSPITAVANCOUVER           WA,8000 NORTH EAST TILLAMOOK ST,"PORTLAND
OR",97213-6655,UNITED STATES,320261930597050531,Business Services-Health Care Services,
07/12/2026,ONLINE PAYMENT - THANK YOU,-3062.55,"ONLINE PAYMENT - THANK YOU
",ONLINE PAYMENT - THANK YOU,,,,,320261930589545372,,
07/12/2026,TARGET              EDGEWATER           CO,40.02,"0           8004400680
TARGET
EDGEWATER
CO
Description : REFER TO RECEIPT Price : 0.00
8004400680",TARGET              EDGEWATER           CO,1985 SHERIDAN BLVD,"EDGEWATER
CO",80214,UNITED STATES,320261940637190582,Merchandise & Supplies-Wholesale Stores,
07/11/2026,COST PLUS DRUGS     LAKELAND            FL,89.08,"CH_3TSAYVAB +18339263384
COST PLUS DRUGS
LAKELAND
FL
+18339263384",COST PLUS DRUGS     LAKELAND            FL,500 EAGLES LNDG DR,"LAKELAND
FL",33810,UNITED STATES,320261930614709629,Merchandise & Supplies-Pharmacies,
07/10/2026,OCULUS *MUATEWDYH2  OCULUS.COM          CA,8.4,"27776368685 DIGITALGOOD
OCULUS *MUATEWDYH2
OCULUS.COM
CA
DIGITALGOOD",OCULUS *MUATEWDYH2  OCULUS.COM          CA,1 HACKER WAY BLDG 10,"MENLO PARK
CA",94025-1456,UNITED STATES,320261910535630198,Merchandise & Supplies-Internet Purchase,
07/07/2026,TARGET              EDGEWATER           CO,10.57,"0           8004400680
TARGET
EDGEWATER
CO
Description : REFER TO RECEIPT Price : 0.00
8004400680",TARGET              EDGEWATER           CO,1985 SHERIDAN BLVD,"EDGEWATER
CO",80214,UNITED STATES,320261890494214160,Merchandise & Supplies-Wholesale Stores,
07/07/2026,TARGET              EDGEWATER           CO,31.82,"0           8004400680
TARGET
EDGEWATER
CO
Description : REFER TO RECEIPT Price : 0.00
8004400680",TARGET              EDGEWATER           CO,1985 SHERIDAN BLVD,"EDGEWATER
CO",80214,UNITED STATES,320261890494275885,Merchandise & Supplies-Wholesale Stores,
07/07/2026,UBER EATS           help.uber.com       CA,33.91,"JZNRQNKE   HPNJHE5O         94158
UBER EATS
help.uber.com
CA
HPNJHE5O         94158",UBER EATS           help.uber.com       CA,"1515 3rd Street
-","SAN FRANCISCO
CA",94158,UNITED STATES,320261880442724356,Restaurant-Restaurant,
07/06/2026,GOOGLE *YOUTUBE     G.CO/HELPPAY#       CA,9.81,"A173DTTM    SELLER
GOOGLE *YOUTUBE
G.CO/HELPPAY#
CA
SELLER",GOOGLE *YOUTUBE     G.CO/HELPPAY#       CA,1600 AMPHITHEATRE PKWY,"MOUNTAIN VIEW
CA",94043,UNITED STATES,320261880451144573,Business Services-Internet Services,
07/04/2026,DRAGEN VAPE         LAKEWOOD            CO,53.73,"72500023    720-280-3063
DRAGEN VAPE
LAKEWOOD
CO
Description : TOBACCO/ACC Price : 0.00
720-280-3063",DRAGEN VAPE         LAKEWOOD            CO,5200 WEST COLFAX AVE,"LAKEWOOD
CO",80214,UNITED STATES,320261860401208170,Merchandise & Supplies-General Retail,
07/04/2026,KING SOOPERS        EDGEWATER           CO,82.95,"999999961858774154647
GROCERY STORES
KING SOOPERS
EDGEWATER
CO
GROCERY STORES
8774154647",KING SOOPERS        EDGEWATER           CO,1725 SHERIDAN BLVD,"EDGEWATER
CO",80214,UNITED STATES,320261860407687782,Merchandise & Supplies-Groceries,
07/04/2026,UBER EATS           SAN FRANCISCO       CA,39.08,"FYRN08FV   ZNTUFX4M         94158
UBER EATS
SAN FRANCISCO
CA
ZNTUFX4M         94158",UBER EATS           SAN FRANCISCO       CA,1515 3rd Street,"SAN FRANCISCO
CA",94158,UNITED STATES,320261850369471141,Merchandise & Supplies-Groceries,
07/03/2026,MICROSOFT           MSBILL.INFO,11.24,"Z73MTKIA0XPZ73MTKIA0XPU     98052
MICROSOFT
MSBILL.INFO
Z73MTKIA0XPU     98052",MICROSOFT           MSBILL.INFO,1 MICROSOFT WAY,"REDMOND
WA",98052,UNITED STATES,320261840357508986,Merchandise & Supplies-Internet Purchase,
07/03/2026,SPOTIFY P4433A8EF6 6NEW YORK            NY,14.18,"P4433A8EF6  SUPPORT@SPOTIFY.COM
SPOTIFY P4433A8EF6 685603
NEW YORK
NY
SUPPORT@SPOTIFY.COM",SPOTIFY P4433A8EF6 6NEW YORK            NY,"4 WORLD TRADE
CTR 150 GREENWICH ST","NEW YORK
NY",10007,UNITED STATES,320261840335340366,Communications-Cable & Internet Comm,
07/02/2026,UBER EATS           help.uber.com       CA,12.78,"R0JTKREF   H4OOF72C         94158
UBER EATS
help.uber.com
CA
H4OOF72C         94158",UBER EATS           help.uber.com       CA,"1515 3rd Street
-","SAN FRANCISCO
CA",94158,UNITED STATES,320261830304454197,Restaurant-Restaurant,
06/30/2026,BESTBUYCOM8072045833RICHFIELD           MN,109.13,"BBY01-80720 888BESTBUY
BESTBUYCOM807204583379 50300009944
RICHFIELD
MN
Description : BBY01-807204583379 Price : 0.00
888BESTBUY",BESTBUYCOM8072045833RICHFIELD           MN,7075 FLYING CLOUD DR,"EDEN PRAIRIRP
MN",55344-3532,UNITED STATES,320261810232443794,Merchandise & Supplies-Internet Purchase,
06/29/2026,BESTBUYCOM8072045833RICHFIELD           MN,381.97,"BBY01-80720 888BESTBUY
BESTBUYCOM807204583379 50300009944
RICHFIELD
MN
Description : BBY01-807204583379 Price : 0.00
888BESTBUY",BESTBUYCOM8072045833RICHFIELD           MN,7075 FLYING CLOUD DR,"EDEN PRAIRIRP
MN",55344-3532,UNITED STATES,320261800203124428,Merchandise & Supplies-Internet Purchase,
06/29/2026,BESTBUYCOM8072045833RICHFIELD           MN,382.25,"BBY01-80720 888BESTBUY
BESTBUYCOM807204583379 50300009944
RICHFIELD
MN
Description : BBY01-807204583379 Price : 0.00
888BESTBUY",BESTBUYCOM8072045833RICHFIELD           MN,7075 FLYING CLOUD DR,"EDEN PRAIRIRP
MN",55344-3532,UNITED STATES,320261800203813455,Merchandise & Supplies-Internet Purchase,
06/27/2026,LOEWS KANSAS CITY HOKANSAS CITY         MO,65.21,"54667754    888-320-6065
LODGING
LOEWS KANSAS CITY HOTEL PMS LOEWS KANS
KANSAS CITY
MO
From : 06/24/26
To : 06/26/26
LODGING
888-320-6065",LOEWS KANSAS CITY HOKANSAS CITY         MO,1515 WYAN DOTTE STEEET,"KANSAS CITY
MO",64108,UNITED STATES,320261780151731011,Travel-Lodging,
06/27/2026,UBER,43.44,"NDW2TDCS   KK5Y3QPL         64153
Uber Trip
help.uber.com
CA
KK5Y3QPL         64153",Uber Trip           help.uber.com       CA,"1515 3rd Street
4TH FLOOR","SAN FRANCISCO
CA",94158,UNITED STATES,320261780150244848,Transportation-Taxis & Coach,
06/26/2026,GOOGLE *GOOGLE ONE  G.CO/HELPPAY#       CA,5.25,"A16XH7ZV    LARGE DIGITAL GOODS M
LARGE DIGITAL GOODS MERCH
GOOGLE *GOOGLE ONE
G.CO/HELPPAY#
CA
LARGE DIGITAL GOODS MERCH",GOOGLE *GOOGLE ONE  G.CO/HELPPAY#       CA,1600 AMPHITHEATRE PKWY,"MOUNTAIN VIEW
CA",94043,UNITED STATES,320261780161682032,Business Services-Internet Services,
06/25/2026,UBER,29.94,"P2KS5TPK   EXJJF5EA         64108
Uber Trip
help.uber.com
CA
EXJJF5EA         64108",Uber Trip           help.uber.com       CA,"1515 3rd Street
4TH FLOOR","SAN FRANCISCO
CA",94158,UNITED STATES,320261760084498540,Transportation-Taxis & Coach,
06/24/2026,CANOPY              COMMERCE CITY       CO,75.0,"53600272    860-527-2378
CANOPY
COMMERCE CITY
CO
Description : PARKING FEES Price : 0.00
860-527-2378",CANOPY              COMMERCE CITY       CO,8100 TOWER RD,"COMMERCE CITY
CO",80022,UNITED STATES,320261760090199407,Transportation-Parking Charges,
06/22/2026,AMAZON MARKEPLACE NA PA,30.84,"7D0I3JULOH2 MERCHANDISE
AMAZON MARKETPLACE NA PA
AMZN.COM/BILL
WA
MERCHANDISE",AMAZON MARKETPLACE NAMZN.COM/BILL       WA,410 TERRY AVE N,"SEATTLE
WA",98109,UNITED STATES,320261730995374584,Merchandise & Supplies-Internet Purchase,
06/20/2026,AMEX HOTEL COLLECTN AmexTravel.com      IL,996.6,"LOEWS KANSA TRAVEL
LODGING
AMEX HOTEL COLLECTN
AmexTravel.com
IL
From : 06/24/26
To : 06/26/26
LODGING
TRAVEL",AMEX HOTEL COLLECTN AmexTravel.com      IL,"500 WEST MADISON ST
STE 1000","CHICAGO
IL",60661,UNITED STATES,320261720967006732,Travel-Travel Agencies,
06/20/2026,Platinum Hotel Credit,-600.0,"AMEX HOTEL COLLECTN
Platinum Hotel Credit
",Platinum Hotel Credit,,,,,320261730982904177,Fees & Adjustments-Fees & Adjustments,
06/20/2026,UNITED AIRLINES     HOUSTON             TX,100.0,"17283010    WWW.UNITED.COM
GIFT CERTIFICATE
UNITED AIRLINES
HOUSTON
TX
Carrier : UNITED AIRLINES
Passenger Name : RUSSELL   /TRAVEL BANK CA
Ticket Number : 01647070373524
Departure Day : 06/20
Additional Info : GIFT CERTIFICATE
From : CHICAGO O'HARE INT
To : HOUSTON INTERCONTI",UNITED AIRLINES     HOUSTON             TX,"HSCAC - 12TH
FLOOR 609 MAIN STREET","HOUSTON
TX",77002,UNITED STATES,320261720967010714,Travel-Airline,
06/20/2026,UNITED AIRLINES     HOUSTON             TX,100.0,"17283162    WWW.UNITED.COM
GIFT CERTIFICATE
UNITED AIRLINES
HOUSTON
TX
Carrier : UNITED AIRLINES
Passenger Name : RUSSELL   /TRAVEL BANK CA
Ticket Number : 01647070376324
Departure Day : 06/20
Additional Info : GIFT CERTIFICATE
From : CHICAGO O'HARE INT
To : HOUSTON INTERCONTI",UNITED AIRLINES     HOUSTON             TX,"HSCAC - 12TH
FLOOR 609 MAIN STREET","HOUSTON
TX",77002,UNITED STATES,320261720967480502,Travel-Airline,
06/17/2026,AssurantRenters.Com 800-370-1990        FL,117.0,"16101728826 INSURANCE
AssurantRenters.Com
800-370-1990
FL
INSURANCE",AssurantRenters.Com 800-370-1990        FL,11222 QUAIL ROOST DR,"MIAMI
FL",33157-6596,UNITED STATES,320261680847175425,Business Services-Insurance Services,
06/12/2026,BANFIELD WELLNESS PGRM,44.95,"50275609236 866-894-7927
BANFIELD PET HOSPITAL
VANCOUVER
WA
Description : CONTINUITY/SUBSCRIP Price : 0.00
866-894-7927",BANFIELD PET HOSPITAVANCOUVER           WA,8000 NORTH EAST TILLAMOOK ST,"PORTLAND
OR",97213-6655,UNITED STATES,320261630683279545,Business Services-Health Care Services,
06/12/2026,FOR A HANDFUL OF DOLSANTA FE            NM,133.77,"85482986165505-982-1174
FOR A HANDFUL OF DOLLA
SANTA FE
NM
505-982-1174",FOR A HANDFUL OF DOLSANTA FE            NM,"115 EAST WATER ST
STE 8","SANTA FE
NM",87501-6200,UNITED STATES,320261650743276582,Merchandise & Supplies-Clothing Stores,
06/12/2026,LA FONDA ON THE PLAZSANTA FE            NM,27.88,"06520033    505-982-5511
LA FONDA ON THE PLAZA F&
SANTA FE
NM
Description : FOOD/BEVERAGE Price : 0.00
505-982-5511",LA FONDA ON THE PLAZSANTA FE            NM,100 EAST SAN FRANCISCO ST,"SANTA FE
NM",87501,UNITED STATES,320261640719551789,Restaurant-Restaurant,
06/12/2026,ONLINE PAYMENT - THANK YOU,-3620.67,"ONLINE PAYMENT - THANK YOU
",ONLINE PAYMENT - THANK YOU,,,,,320261630676254405,,
06/11/2026,LOWES SUPER SAVE 000RATON               NM,36.09,"000175242   8063858627
LOWES SUPER SAVE 000000000382086
RATON
NM
8063858627",LOWES SUPER SAVE 000RATON               NM,1265 SOUTH 2ND ST,"RATON
NM",87740,UNITED STATES,320261630698723500,Merchandise & Supplies-Groceries,
06/10/2026,KING SOOPERS        EDGEWATER           CO,62.6,"999999961618774154647
GROCERY STORES
KING SOOPERS
EDGEWATER
CO
GROCERY STORES
8774154647",KING SOOPERS        EDGEWATER           CO,1725 SHERIDAN BLVD,"EDGEWATER
CO",80214,UNITED STATES,320261620672305576,Merchandise & Supplies-Groceries,
06/10/2026,OCULUS *2U4S2TDYH2  OCULUS.COM          CA,8.4,"27398751593 DIGITALGOOD
OCULUS *2U4S2TDYH2
OCULUS.COM
CA
DIGITALGOOD",OCULUS *2U4S2TDYH2  OCULUS.COM          CA,1 HACKER WAY BLDG 10,"MENLO PARK
CA",94025-1456,UNITED STATES,320261610622333660,Merchandise & Supplies-Internet Purchase,
06/10/2026,THE HOME DEPOT      LAKEWOOD            CO,54.77,"06100155045 800-654-0688
THE HOME DEPOT
LAKEWOOD
CO
800-654-0688",THE HOME DEPOT      LAKEWOOD            CO,7200 WEST COLFAX AVE,"LAKEWOOD
CO",80214,UNITED STATES,320261620654355483,Merchandise & Supplies-Hardware Supplies,
06/10/2026,TIDE CLEANERS 141578DENVER              CO,25.78,"21101396162 DRY CLEANER
TIDE CLEANERS 141578510016438
DENVER
CO
DRY CLEANER",TIDE CLEANERS 141578DENVER              CO,"4500 WEST 38TH AVE
STE 140","DENVER
CO",80212,UNITED STATES,320261620667155402,Business Services-Other Services,
06/09/2026,OLD NAVY US 6435    LAKEWOOD            CO,201.0,"064354011020643540110230001 80226
OLD NAVY US 6435
LAKEWOOD
CO
0643540110230001 80226",OLD NAVY US 6435    LAKEWOOD            CO,439 SOUTH WADSWORTH BLVD,"LAKEWOOD
CO",80226,UNITED STATES,320261610636776929,Merchandise & Supplies-Clothing Stores,
06/09/2026,THE HOME DEPOT      DENVER              CO,43.64,"06090152004 800-654-0688
THE HOME DEPOT
DENVER
CO
800-654-0688",THE HOME DEPOT      DENVER              CO,3130 SOUTH SHERIDAN BLVD,"DENVER
CO",80227,UNITED STATES,320261610622010463,Merchandise & Supplies-Hardware Supplies,
06/08/2026,LS UNIVERSAL INTERNADENVER              CO,277.15,"CH_3TGC32FF 3032964214
LS UNIVERSAL INTERNATI
DENVER
CO
3032964214",LS UNIVERSAL INTERNADENVER              CO,5752 LOGAN CT,"DENVER
CO",80216,UNITED STATES,320261590585651476,Merchandise & Supplies-Electronics Stores,
06/08/2026,THE HOME DEPOT      LAKEWOOD            CO,20.37,"06080155010 800-654-0688
THE HOME DEPOT
LAKEWOOD
CO
800-654-0688",THE HOME DEPOT      LAKEWOOD            CO,7200 WEST COLFAX AVE,"LAKEWOOD
CO",80214,UNITED STATES,320261600592952420,Merchandise & Supplies-Hardware Supplies,
06/07/2026,GOOGLE *YOUTUBE     G.CO/HELPPAY#       CA,9.81,"A16OGMDC    SELLER
GOOGLE *YOUTUBE
G.CO/HELPPAY#
CA
SELLER",GOOGLE *YOUTUBE     G.CO/HELPPAY#       CA,1600 AMPHITHEATRE PKWY,"MOUNTAIN VIEW
CA",94043,UNITED STATES,320261580541432674,Business Services-Internet Services,
06/07/2026,THE HOME DEPOT      ARVADA              CO,86.32,"06070150246 800-654-0688
THE HOME DEPOT
ARVADA
CO
800-654-0688",THE HOME DEPOT      ARVADA              CO,5215 WADSWORTH BLVD,"ARVADA
CO",80002,UNITED STATES,320261590563191901,Merchandise & Supplies-Hardware Supplies,
06/06/2026,AMAZON MARKEPLACE NA PA,35.99,"74GWDR2FRU9 MERCHANDISE
AMAZON MARKETPLACE NA PA
AMZN.COM/BILL
WA
MERCHANDISE",AMAZON MARKETPLACE NAMZN.COM/BILL       WA,410 TERRY AVE N,"SEATTLE
WA",98109,UNITED STATES,320261570506366099,Merchandise & Supplies-Internet Purchase,
06/05/2026,AMAZON.COM          AMZN.COM/BILL       WA,15.0,"4D60YM6O8NF BOOK STORES
AMAZON.COM
AMZN.COM/BILL
WA
BOOK STORES",AMAZON.COM          AMZN.COM/BILL       WA,410 TERRY AVE N,"SEATTLE
WA",98109,UNITED STATES,320261570515808403,Merchandise & Supplies-Internet Purchase,
06/05/2026,LOWE'S OF N. LAKEWOOLAKEWOOD            CO,38.68,"INV # 94829 303-234-5840
LOWE'S OF N. LAKEWOOD, CO 1903
LAKEWOOD
CO
303-234-5840",LOWE'S OF N. LAKEWOOLAKEWOOD            CO,10555 WEST COLFAX AVE,"LAKEWOOD
CO",80215,UNITED STATES,320261560475855757,Merchandise & Supplies-Hardware Supplies,
06/05/2026,THE HOME DEPOT      LAKEWOOD            CO,39.71,"06050155018 800-654-0688
THE HOME DEPOT
LAKEWOOD
CO
800-654-0688",THE HOME DEPOT      LAKEWOOD            CO,7200 WEST COLFAX AVE,"LAKEWOOD
CO",80214,UNITED STATES,320261570504212413,Merchandise & Supplies-Hardware Supplies,
06/04/2026,LOWE'S              ARVADA              CO,21.04,"INV # 89598 303-425-3323
LOWE'S
ARVADA
CO
303-425-3323",LOWE'S              ARVADA              CO,5405 WADSWORTH BYP,"ARVADA
CO",80002,UNITED STATES,320261560475311064,Merchandise & Supplies-Hardware Supplies,
06/04/2026,LOWE'S OF N. LAKEWOOLAKEWOOD            CO,48.35,"INV # 91977 303-234-5840
LOWE'S OF N. LAKEWOOD, CO 1903
LAKEWOOD
CO
303-234-5840",LOWE'S OF N. LAKEWOOLAKEWOOD            CO,10555 WEST COLFAX AVE,"LAKEWOOD
CO",80215,UNITED STATES,320261550444657268,Merchandise & Supplies-Hardware Supplies,
06/04/2026,LOWE'S OF N. LAKEWOOLAKEWOOD            CO,132.18,"INV # 92932 303-234-5840
LOWE'S OF N. LAKEWOOD, CO 1903
LAKEWOOD
CO
303-234-5840",LOWE'S OF N. LAKEWOOLAKEWOOD            CO,10555 WEST COLFAX AVE,"LAKEWOOD
CO",80215,UNITED STATES,320261560474054954,Merchandise & Supplies-Hardware Supplies,
06/04/2026,THE HOME DEPOT      ARVADA              CO,43.16,"06040150226 800-654-0688
THE HOME DEPOT
ARVADA
CO
800-654-0688",THE HOME DEPOT      ARVADA              CO,5215 WADSWORTH BLVD,"ARVADA
CO",80002,UNITED STATES,320261560473144249,Merchandise & Supplies-Hardware Supplies,
06/03/2026,AMAZON MARKETPLACE NAMZN.COM/BILL       WA,-141.79,"761QTSN3VGC MERCHANDISE
AMAZON MARKETPLACE NA PA
AMZN.COM/BILL
WA
MERCHANDISE",AMAZON MARKETPLACE NAMZN.COM/BILL       WA,410 TERRY AVE N,"SEATTLE
WA",98109,UNITED STATES,320261550465235084,Merchandise & Supplies-Internet Purchase,
06/03/2026,SPOTIFY P432128FD1 6NEW YORK            NY,14.18,"P432128FD1  SUPPORT@SPOTIFY.COM
SPOTIFY P432128FD1 685603
NEW YORK
NY
SUPPORT@SPOTIFY.COM",SPOTIFY P432128FD1 6NEW YORK            NY,"4 WORLD TRADE
CTR 150 GREENWICH ST","NEW YORK
NY",10007,UNITED STATES,320261540412530211,Communications-Cable & Internet Comm,
05/29/2026,AMAZON MARKEPLACE NA PA,200.66,"4MPU3IZB9SY MERCHANDISE
AMAZON MARKETPLACE NA PA
AMZN.COM/BILL
WA
MERCHANDISE",AMAZON MARKETPLACE NAMZN.COM/BILL       WA,410 TERRY AVE N,"SEATTLE
WA",98109,UNITED STATES,320261500300493788,Merchandise & Supplies-Internet Purchase,
05/28/2026,ARAUJOS RESTAURANT  DENVER              CO,31.02,"22300064    303-455-3866
ARAUJOS RESTAURANT
DENVER
CO
Description : FOOD/BEVERAGE Price : 0.00
303-455-3866",ARAUJOS RESTAURANT  DENVER              CO,2900 WEST 26TH AVE,"DENVER
CO",80211,UNITED STATES,320261490276734715,Restaurant-Restaurant,
05/26/2026,COST PLUS DRUGS     LAKELAND            FL,11.61,"CH_3TBB0HAB +18339263384
COST PLUS DRUGS
LAKELAND
FL
+18339263384",COST PLUS DRUGS     LAKELAND            FL,500 EAGLES LNDG DR,"LAKELAND
FL",33810,UNITED STATES,320261470210327909,Merchandise & Supplies-Pharmacies,
05/26/2026,EDGEWATER ACE HDWE 1EDGEWATER           CO,37.79,"194044      303-233-4810
EDGEWATER ACE HDWE 11439
EDGEWATER
CO
Description : HARDWARE/TOOLS Price : 0.00
303-233-4810",EDGEWATER ACE HDWE 1EDGEWATER           CO,1977 SHERIDAN BLVD,"EDGEWATER
CO",80214,UNITED STATES,320261470213353783,Merchandise & Supplies-Hardware Supplies,
05/26/2026,HOMEGOODS #0852 0000WHEAT RIDGE         CO,97.17,"23674935534107411           01701
DISCOUNT STORES
HOMEGOODS #0852 000000852
WHEAT RIDGE
CO
DISCOUNT STORES
107411           01701",HOMEGOODS #0852 0000WHEAT RIDGE         CO,"APPLEWOOD VLG STE 160
3600 YOUNGFIELD ST","WHEAT RIDGE
CO",80033,UNITED STATES,320261470212182249,Merchandise & Supplies-Clothing Stores,
05/24/2026,AMAZON MARKEPLACE NA PA,141.79,"1GZ4KCC3GQF MERCHANDISE
AMAZON MARKETPLACE NA PA
AMZN.COM/BILL
WA
MERCHANDISE",AMAZON MARKETPLACE NAMZN.COM/BILL       WA,410 TERRY AVE N,"SEATTLE
WA",98109,UNITED STATES,320261440135826862,Merchandise & Supplies-Internet Purchase,
05/24/2026,AMAZON MARKEPLACE NA PA,163.69,"3PFZ14WOUC3 MERCHANDISE
AMAZON MARKETPLACE NA PA
AMZN.COM/BILL
WA
MERCHANDISE",AMAZON MARKETPLACE NAMZN.COM/BILL       WA,410 TERRY AVE N,"SEATTLE
WA",98109,UNITED STATES,320261440119196177,Merchandise & Supplies-Internet Purchase,
05/24/2026,GOOGLE *GOOGLE ONE  G.CO/HELPPAY#       CA,8.4,"A16G3RUA    SELLER
GOOGLE *GOOGLE ONE
G.CO/HELPPAY#
CA
SELLER",GOOGLE *GOOGLE ONE  G.CO/HELPPAY#       CA,1600 AMPHITHEATRE PKWY,"MOUNTAIN VIEW
CA",94043,UNITED STATES,320261470215515723,Business Services-Internet Services,
05/24/2026,MICRO ELECTRONICS   DENVER              CO,349.27,"181PO117878 3033028500
MICRO ELECTRONICS
DENVER
CO
Description : GMKTEC G10 R5 3500U Price : 3.1999
3033028500",MICRO ELECTRONICS   DENVER              CO,8000 EAST QUINCY AVE,"DENVER
CO",80237,UNITED STATES,320261450151010604,Merchandise & Supplies-Computer Supplies,
05/24/2026,SHERIDAN VALERO 0000LAKEWOOD            CO,62.02,"000339730   9999999999
SHERIDAN VALERO 000000000821186
LAKEWOOD
CO
9999999999",SHERIDAN VALERO 0000LAKEWOOD            CO,1 VALERO WAY,"SAN ANTONIO
TX",78249,UNITED STATES,320261450160142570,Transportation-Fuel,
05/23/2026,AMAZON MARKETPLACE NAMZN.COM/BILL       WA,-71.31,"41GO3CFZQDT MERCHANDISE
AMAZON MARKETPLACE NA PA
AMZN.COM/BILL
WA
MERCHANDISE",AMAZON MARKETPLACE NAMZN.COM/BILL       WA,410 TERRY AVE N,"SEATTLE
WA",98109,UNITED STATES,320261440135192435,Merchandise & Supplies-Internet Purchase,
05/23/2026,DRAGEN VAPE         LAKEWOOD            CO,124.67,"72100041    720-280-3063
DRAGEN VAPE
LAKEWOOD
CO
Description : TOBACCO/ACC Price : 0.00
720-280-3063",DRAGEN VAPE         LAKEWOOD            CO,5200 WEST COLFAX AVE,"LAKEWOOD
CO",80214,UNITED STATES,320261440127105913,Merchandise & Supplies-General Retail,
05/23/2026,MENS WEARHOUSE #1306LAKEWOOD            CO,32.22,"523224911   800-851-6744
MENS WEARHOUSE #1306 1306
LAKEWOOD
CO
Description : APPAREL HSWRS/ACC Price : 0.00
800-851-6744",MENS WEARHOUSE #1306LAKEWOOD            CO,"415 SOUTH WADSWORTH BLVD
UNIT A","LAKEWOOD
CO",80226,UNITED STATES,320261440128822627,Merchandise & Supplies-Clothing Stores,
05/23/2026,THE HOME DEPOT      LAKEWOOD            CO,60.24,"05230151418 800-654-0688
THE HOME DEPOT
LAKEWOOD
CO
800-654-0688",THE HOME DEPOT      LAKEWOOD            CO,6701 WEST ALAMEDA AVE,"LAKEWOOD
CO",80226,UNITED STATES,320261440111072920,Merchandise & Supplies-Hardware Supplies,
05/22/2026,JJ LIQUOR           EDGEWATER           CO,177.26,"71700180    303-238-6482
JJ LIQUOR
EDGEWATER
CO
Description : LIQUOR/BEVERAGES/SN Price : 0.00
303-238-6482",JJ LIQUOR           EDGEWATER           CO,1711 SHERIDAN BLVD,"DENVER
CO",80214,UNITED STATES,320261430097803469,Merchandise & Supplies-Groceries,
05/20/2026,RENEWAL MEMBERSHIP FEE,895.0,"RENEWAL MEMBERSHIP FEE
",RENEWAL MEMBERSHIP FEE,,,,,320261403988151659,Fees & Adjustments-Fees & Adjustments,
05/20/2026,UBER EATS           help.uber.com       CA,26.92,"MM678EV7   2OVAECBA         94158
UBER EATS
help.uber.com
CA
2OVAECBA         94158",UBER EATS           help.uber.com       CA,"1515 3rd Street
-","SAN FRANCISCO
CA",94158,UNITED STATES,320261410028070021,Restaurant-Restaurant,
05/19/2026,UBER,28.3,"RHRB8T2W   F35FSRWE         89158
Uber Trip
help.uber.com
CA
F35FSRWE         89158",Uber Trip           help.uber.com       CA,"1515 3rd Street
4TH FLOOR","SAN FRANCISCO
CA",94158,UNITED STATES,320261390959814644,Transportation-Taxis & Coach,
05/19/2026,Wayfair             866-263-8325        MA,267.69,"CH_3TYONSBR +18662638325
Wayfair
866-263-8325
MA
+18662638325",Wayfair             866-263-8325        MA,"4 COPLEY PL 7TH
FLOOR","BOSTON
MA",02116,UNITED STATES,320261390957938782,Merchandise & Supplies-Internet Purchase,
05/17/2026,AMAZON MARKEPLACE NA PA,39.55,"JKBLT600CJD MERCHANDISE
AMAZON MARKETPLACE NA PA
AMZN.COM/BILL
WA
MERCHANDISE",AMAZON MARKETPLACE NAMZN.COM/BILL       WA,410 TERRY AVE N,"SEATTLE
WA",98109,UNITED STATES,320261380934669643,Merchandise & Supplies-Internet Purchase,
05/17/2026,AMAZON MARKEPLACE NA PA,43.92,"5VEXJG4F5IF MERCHANDISE
AMAZON MARKETPLACE NA PA
AMZN.COM/BILL
WA
MERCHANDISE",AMAZON MARKETPLACE NAMZN.COM/BILL       WA,410 TERRY AVE N,"SEATTLE
WA",98109,UNITED STATES,320261370904577541,Merchandise & Supplies-Internet Purchase,
05/17/2026,AMAZON MARKEPLACE NA PA,71.31,"2XQ2YP8KT36 MERCHANDISE
AMAZON MARKETPLACE NA PA
AMZN.COM/BILL
WA
MERCHANDISE",AMAZON MARKETPLACE NAMZN.COM/BILL       WA,410 TERRY AVE N,"SEATTLE
WA",98109,UNITED STATES,320261370904583292,Merchandise & Supplies-Internet Purchase,
05/17/2026,AMAZON MARKEPLACE NA PA,218.16,"3F4SKWKERQC MERCHANDISE
AMAZON MARKETPLACE NA PA
AMZN.COM/BILL
WA
MERCHANDISE",AMAZON MARKETPLACE NAMZN.COM/BILL       WA,410 TERRY AVE N,"SEATTLE
WA",98109,UNITED STATES,320261370903213908,Merchandise & Supplies-Internet Purchase,
05/17/2026,SHERIDAN VALERO 0000LAKEWOOD            CO,62.35,"000318236   9999999999
SHERIDAN VALERO 000000000821186
LAKEWOOD
CO
9999999999",SHERIDAN VALERO 0000LAKEWOOD            CO,1 VALERO WAY,"SAN ANTONIO
TX",78249,UNITED STATES,320261380937235848,Transportation-Fuel,
05/16/2026,DRAGEN VAPE         LAKEWOOD            CO,75.22,"72700025    720-280-3063
DRAGEN VAPE
LAKEWOOD
CO
Description : TOBACCO/ACC Price : 0.00
720-280-3063",DRAGEN VAPE         LAKEWOOD            CO,5200 WEST COLFAX AVE,"LAKEWOOD
CO",80214,UNITED STATES,320261370909824663,Merchandise & Supplies-General Retail,
05/16/2026,SHERIDAN VALERO 0000LAKEWOOD            CO,53.69,"000314565   9999999999
SHERIDAN VALERO 000000000821186
LAKEWOOD
CO
9999999999",SHERIDAN VALERO 0000LAKEWOOD            CO,1 VALERO WAY,"SAN ANTONIO
TX",78249,UNITED STATES,320261370917730263,Transportation-Fuel,
05/15/2026,AMAZON MARKEPLACE NA PA,6.8,"2IU4G7BW3JX MERCHANDISE
AMAZON MARKETPLACE NA PA
AMZN.COM/BILL
WA
MERCHANDISE",AMAZON MARKETPLACE NAMZN.COM/BILL       WA,410 TERRY AVE N,"SEATTLE
WA",98109,UNITED STATES,320261360889499262,Merchandise & Supplies-Internet Purchase,
05/15/2026,TARGET              EDGEWATER           CO,10.57,"001094783   612-3044357
TARGET
EDGEWATER
CO
Description : SEE INVOICE Price : 0.1057
612-3044357",TARGET              EDGEWATER           CO,1985 SHERIDAN BLVD,"EDGEWATER
CO",80214,UNITED STATES,320261360889687950,Merchandise & Supplies-Wholesale Stores,
05/14/2026,POSTERSCENE         Boulder             CO,483.64,"Be9Z7LZUocE squareup.com/receipts
POSTERSCENE
Boulder
CO
squareup.com/receipts",POSTERSCENE         Boulder             CO,1505 PEARL ST SUITE 101,"BOULDER
CO",80302-5468,UNITED STATES,320261340803413022,Merchandise & Supplies-Arts & Jewelry,
05/13/2026,KINDLE SVCS*BF3IV6VQ888-802-3080        WA,7.63,"6RPBHFK0XZR DIGITAL
KINDLE SVCS*BF3IV6VQ1
888-802-3080
WA
DIGITAL",KINDLE SVCS*BF3IV6VQ888-802-3080        WA,1512 2ND AVE,"SEATTLE
WA",98101-1508,UNITED STATES,320261330794905157,Merchandise & Supplies-Internet Purchase,
05/12/2026,BANFIELD WELLNESS PGRM,44.95,"50274248026 866-894-7927
BANFIELD PET HOSPITAL
VANCOUVER
WA
Description : CONTINUITY/SUBSCRIP Price : 0.00
866-894-7927",BANFIELD PET HOSPITAVANCOUVER           WA,8000 NORTH EAST TILLAMOOK ST,"PORTLAND
OR",97213-6655,UNITED STATES,320261320747632348,Business Services-Health Care Services,
05/12/2026,ONLINE PAYMENT - THANK YOU,-763.13,"ONLINE PAYMENT - THANK YOU
",ONLINE PAYMENT - THANK YOU,,,,,320261320741021489,,
05/11/2026,DRAGEN VAPE         LAKEWOOD            CO,93.5,"72700011    720-280-3063
DRAGEN VAPE
LAKEWOOD
CO
Description : TOBACCO/ACC Price : 0.00
720-280-3063",DRAGEN VAPE         LAKEWOOD            CO,5200 WEST COLFAX AVE,"LAKEWOOD
CO",80214,UNITED STATES,320261320760325593,Merchandise & Supplies-General Retail,
05/11/2026,GglPay SONIC DRIVE IEDGEWATER           CO,1.07,"112         999-999-9999
GglPay SONIC DRIVE IN #4017 4017
EDGEWATER
CO
Description : FAST FOOD RESTAURAN Price : 0.00
999-999-9999",GglPay SONIC DRIVE IEDGEWATER           CO,2463 SHERIDAN BLVD,"EDGEWATER
CO",80214,UNITED STATES,320261320758752330,Restaurant-Bar & Café,
05/11/2026,GglPay SONIC DRIVE IEDGEWATER           CO,18.39,"105         999-999-9999
GglPay SONIC DRIVE IN #4017 4017
EDGEWATER
CO
Description : FAST FOOD RESTAURAN Price : 0.00
999-999-9999",GglPay SONIC DRIVE IEDGEWATER           CO,2463 SHERIDAN BLVD,"EDGEWATER
CO",80214,UNITED STATES,320261320758733490,Restaurant-Bar & Café,
05/11/2026,TWIST AND SHOUT     DENVER              CO,22.08,"21105176132 RECORD STORE
TWIST AND SHOUT
DENVER
CO
RECORD STORE",TWIST AND SHOUT     DENVER              CO,2508 EAST COLFAX AVE,"DENVER
CO",80206-1411,UNITED STATES,320261320768794776,Merchandise & Supplies-Music & Video,
05/10/2026,AMAZON MARKEPLACE NA PA,7.94,"45T1MNJQAGN MERCHANDISE
AMAZON MARKETPLACE NA PA
AMZN.COM/BILL
WA
MERCHANDISE",AMAZON MARKETPLACE NAMZN.COM/BILL       WA,410 TERRY AVE N,"SEATTLE
WA",98109,UNITED STATES,320261310733383099,Merchandise & Supplies-Internet Purchase,
05/10/2026,AMAZON MARKEPLACE NA PA,65.77,"22VIYRXIIC1 MERCHANDISE
AMAZON MARKETPLACE NA PA
AMZN.COM/BILL
WA
MERCHANDISE",AMAZON MARKETPLACE NAMZN.COM/BILL       WA,410 TERRY AVE N,"SEATTLE
WA",98109,UNITED STATES,320261310729392060,Merchandise & Supplies-Internet Purchase,
05/10/2026,GglPay VERITAS STATILAKEWOOD            CO,21.44,"12170288340 VERITAS STATION INC
GglPay VERITAS STATION INC 09465667
LAKEWOOD
CO
VERITAS STATION INC",GglPay VERITAS STATILAKEWOOD            CO,411 SOUTH KEELER,"BARTLESVILLE
OK",74004,UNITED STATES,320261320763046920,Transportation-Fuel,
05/10/2026,OCULUS *S7WG6P9ZH2  OCULUS.COM          CA,8.4,"26964334543 DIGITALGOODS
OCULUS *S7WG6P9ZH2
OCULUS.COM
CA
DIGITALGOODS",OCULUS *S7WG6P9ZH2  OCULUS.COM          CA,1 HACKER WAY BLDG 10,"MENLO PARK
CA",94025-1456,UNITED STATES,320261310739278381,Merchandise & Supplies-Internet Purchase,
05/09/2026,SHERIDAN VALERO 0000LAKEWOOD            CO,60.39,"000294492   9999999999
SHERIDAN VALERO 000000000821186
LAKEWOOD
CO
9999999999",SHERIDAN VALERO 0000LAKEWOOD            CO,1 VALERO WAY,"SAN ANTONIO
TX",78249,UNITED STATES,320261300706113396,Transportation-Fuel,
05/09/2026,UBER,22.97,"EAR6QCRV   JV45VONV         80204
Uber Trip
help.uber.com
CA
JV45VONV         80204",Uber Trip           help.uber.com       CA,"1515 3rd Street
4TH FLOOR","SAN FRANCISCO
CA",94158,UNITED STATES,320261290664239029,Transportation-Taxis & Coach,
05/08/2026,GglPay SHERIDAN VALELAKEWOOD            CO,48.54,"000291173   9999999999
GglPay SHERIDAN VALERO 000000000821186
LAKEWOOD
CO
9999999999",GglPay SHERIDAN VALELAKEWOOD            CO,1 VALERO WAY,"SAN ANTONIO
TX",78249,UNITED STATES,320261290681310790,Transportation-Fuel,
05/08/2026,GglPay TACO BELL 033EDGEWATER           CO,16.17,"22ffc9      303-745-0555
GglPay TACO BELL 033855 033855
EDGEWATER
CO
Description : FAST FOOD RESTAURAN Price : 0.00
303-745-0555",GglPay TACO BELL 033EDGEWATER           CO,1911 SHERIDAN BLVD,"EDGEWATER
CO",80214,UNITED STATES,320261290665787588,Restaurant-Bar & Café,
05/08/2026,Platinum Resy Credit,-100.0,"TST* CARNE 00192968
Platinum Resy Credit
",Platinum Resy Credit,,,,,320261300684300409,Fees & Adjustments-Fees & Adjustments,
05/08/2026,TST* CARNE 00192968 DENVER              CO,129.85,"21105176129 RESTAURANT
TST* CARNE 00192968
DENVER
CO
RESTAURANT",TST* CARNE 00192968 DENVER              CO,4751 BROADWAY,"DENVER
CO",80216,UNITED STATES,320261290667129949,Restaurant-Restaurant,
05/08/2026,VERITAS STATION INC LAKEWOOD            CO,13.28,"12165733873 VERITAS STATION INC
VERITAS STATION INC 09465667
LAKEWOOD
CO
VERITAS STATION INC",VERITAS STATION INC LAKEWOOD            CO,411 SOUTH KEELER,"BARTLESVILLE
OK",74004,UNITED STATES,320261300700926959,Transportation-Fuel,
05/06/2026,GOOGLE *YOUTUBE     G.CO/HELPPAY#       CA,8.72,"A1670WA7    SELLER
GOOGLE *YOUTUBE
G.CO/HELPPAY#
CA
SELLER",GOOGLE *YOUTUBE     G.CO/HELPPAY#       CA,1600 AMPHITHEATRE PKWY,"MOUNTAIN VIEW
CA",94043,UNITED STATES,320261270607120441,Business Services-Internet Services,
05/06/2026,GglPay DRAGEN VAPE  LAKEWOOD            CO,124.67,"72700026    720-280-3063
GglPay DRAGEN VAPE
LAKEWOOD
CO
Description : TOBACCO/ACC Price : 0.00
720-280-3063",GglPay DRAGEN VAPE  LAKEWOOD            CO,5200 WEST COLFAX AVE,"LAKEWOOD
CO",80214,UNITED STATES,320261270609389213,Merchandise & Supplies-General Retail,
05/06/2026,GglPay EDGEWATER ACEEDGEWATER           CO,49.1,"183710      303-233-4810
GglPay EDGEWATER ACE HDWE 11439
EDGEWATER
CO
Description : HARDWARE/TOOLS Price : 0.00
303-233-4810",GglPay EDGEWATER ACEEDGEWATER           CO,1977 SHERIDAN BLVD,"EDGEWATER
CO",80214,UNITED STATES,320261270611924672,Merchandise & Supplies-Hardware Supplies,
05/06/2026,GglPay EDGEWATER ACEEDGEWATER           CO,83.04,"183648      303-233-4810
GglPay EDGEWATER ACE HDWE 11439
EDGEWATER
CO
Description : HARDWARE/TOOLS Price : 0.00
303-233-4810",GglPay EDGEWATER ACEEDGEWATER           CO,1977 SHERIDAN BLVD,"EDGEWATER
CO",80214,UNITED STATES,320261270613536367,Merchandise & Supplies-Hardware Supplies,
05/05/2026,GglPay EDGEWATER ACEEDGEWATER           CO,21.35,"183289      303-233-4810
GglPay EDGEWATER ACE HDWE 11439
EDGEWATER
CO
Description : HARDWARE/TOOLS Price : 0.00
303-233-4810",GglPay EDGEWATER ACEEDGEWATER           CO,1977 SHERIDAN BLVD,"EDGEWATER
CO",80214,UNITED STATES,320261260584157929,Merchandise & Supplies-Hardware Supplies,
05/04/2026,GglPay LOWE'S OF N. LAKEWOOD            CO,11.05,"INV # 71669NA               80215
STORE # 1903    PHONE # 303-234-5840
DATE: 2026-05-04      PO # NA
INVOICE # 71669
TAX:     0.77      TOTAL:       11.05
GglPay LOWE'S OF N. LAKEWOOD, CO 1903
LAKEWOOD
CO
STORE # 1903    PHONE # 303-234-5840
DATE: 2026-05-04      PO # NA
INVOICE # 71669
TAX:     0.77      TOTAL:       11.05
NA               80215",GglPay LOWE'S OF N. LAKEWOOD            CO,10555 WEST COLFAX AVE,"LAKEWOOD
CO",80215,UNITED STATES,320261250538494849,Merchandise & Supplies-Hardware Supplies,
05/04/2026,GglPay TACO BELL 033EDGEWATER           CO,26.51,"2b383b      303-745-0555
GglPay TACO BELL 033855 033855
EDGEWATER
CO
Description : FAST FOOD RESTAURAN Price : 0.00
303-745-0555",GglPay TACO BELL 033EDGEWATER           CO,1911 SHERIDAN BLVD,"EDGEWATER
CO",80214,UNITED STATES,320261250542722389,Restaurant-Bar & Café,
05/03/2026,DOWNTOWN SMOKE SHOP CHICAGO             IL,44.1,"84069506124210-995-5566
DOWNTOWN SMOKE SHOP
CHICAGO
IL
210-995-5566",DOWNTOWN SMOKE SHOP CHICAGO             IL,220 WEST WASHINGTON ST,"CHICAGO
IL",60606,UNITED STATES,320261240506048729,Merchandise & Supplies-General Retail,
05/03/2026,SHERIDAN VALERO 0000LAKEWOOD            CO,68.04,"000278077   9999999999
SHERIDAN VALERO 000000000821186
LAKEWOOD
CO
9999999999",SHERIDAN VALERO 0000LAKEWOOD            CO,1 VALERO WAY,"SAN ANTONIO
TX",78249,UNITED STATES,320261250554730767,Transportation-Fuel,
05/03/2026,SPOTIFY P421114DF7 6NEW YORK            NY,14.18,"P421114DF7  SUPPORT@SPOTIFY.COM
SPOTIFY P421114DF7 685603
NEW YORK
NY
SUPPORT@SPOTIFY.COM",SPOTIFY P421114DF7 6NEW YORK            NY,"4 WORLD TRADE
CTR 150 GREENWICH ST","NEW YORK
NY",10007,UNITED STATES,320261230480414911,Communications-Cable & Internet Comm,
05/03/2026,VENTRA ACCOUNT 00000CHICAGO             IL,2.5,"00430225630 8776698368
VENTRA ACCOUNT 000000001
CHICAGO
IL
Description : REFER TO RECEIPT Price : 0.00
8776698368",VENTRA ACCOUNT 00000CHICAGO             IL,"221 NORTH LA SALLE ST
STE 500","CHICAGO
IL",60601-1208,UNITED STATES,320261240522220790,Transportation-Rail Services,
05/02/2026,RH CHICAGO RESTAURANCHICAGO             IL,11.62,"01753254    415-961-5661
RH CHICAGO RESTAURANT
CHICAGO
IL
Description : BUSINESS SERVICES Price : 0.00
415-961-5661",RH CHICAGO RESTAURANCHICAGO             IL,1300 NORTH DEARBORN ST,"CHICAGO
IL",60610,UNITED STATES,320261230500378991,Restaurant-Restaurant,
05/02/2026,TOPO GIGIO 068880022CHICAGO             IL,150.29,"730110061240010080951       60610
TOPO GIGIO 068880022497667
CHICAGO
IL
0010080951       60610",TOPO GIGIO 068880022CHICAGO             IL,1516 NORTH WLS ST,"CHICAGO
IL",60610-1308,UNITED STATES,320261240505886960,Restaurant-Restaurant,
05/02/2026,TST* BEATNIK WEST TOCHICAGO             IL,13.23,"99999996122 3129294945
TST* BEATNIK WEST TOWN 000050248
CHICAGO
IL
Description : RESTAURANTS Price : 0.1323
3129294945",TST* BEATNIK WEST TOCHICAGO             IL,1604 WEST CHICAGO AVE,"CHICAGO
IL",60622,UNITED STATES,320261220454532389,Restaurant-Restaurant,
05/02/2026,Uber Trip           help.uber.com       CA,-3.15,"E6V3XEQR   XOLCVLEA         60622
Uber Trip
help.uber.com
CA
XOLCVLEA         60622",Uber Trip           help.uber.com       CA,"1515 3rd Street
4TH FLOOR","SAN FRANCISCO
CA",94158,UNITED STATES,320261220448357075,Transportation-Taxis & Coach,
05/02/2026,UBER,5.11,"CJH4924C   XOLCVLEA         60622
Uber Trip
help.uber.com
CA
XOLCVLEA         60622",Uber Trip           help.uber.com       CA,"1515 3rd Street
4TH FLOOR","SAN FRANCISCO
CA",94158,UNITED STATES,320261220451505299,Transportation-Taxis & Coach,
05/02/2026,VENTRA ACCOUNT 00000CHICAGO             IL,2.5,"00429999946 8776698368
VENTRA ACCOUNT 000000001
CHICAGO
IL
Description : REFER TO RECEIPT Price : 0.00
8776698368",VENTRA ACCOUNT 00000CHICAGO             IL,"221 NORTH LA SALLE ST
STE 500","CHICAGO
IL",60601-1208,UNITED STATES,320261230491624795,Transportation-Rail Services,
05/01/2026,DOWNTOWN SMOKE SHOP CHICAGO             IL,82.69,"84069506123210-995-5566
DOWNTOWN SMOKE SHOP
CHICAGO
IL
210-995-5566",DOWNTOWN SMOKE SHOP CHICAGO             IL,220 WEST WASHINGTON ST,"CHICAGO
IL",60606,UNITED STATES,320261230475880811,Merchandise & Supplies-General Retail,
05/01/2026,ELEPHANT & CASTLE ADCHICAGO             IL,48.95,"76500229    312-236-6656
ELEPHANT & CASTLE ADAMS
CHICAGO
IL
",ELEPHANT & CASTLE ADCHICAGO             IL,111 WEST ADAMS ST,"CHICAGO
IL",60603,UNITED STATES,320261210416818132,Restaurant-Bar & Café,
04/30/2026,Chili's Bar B14 ORD Chicago             IL,14.31,"735        735              60666
Chili's Bar B14 ORD
Chicago
IL
735              60666",Chili's Bar B14 ORD Chicago             IL,10000 WEST OHARE WAY,"CHICAGO
IL",60666,UNITED STATES,320261210431949659,Restaurant-Bar & Café,
04/29/2026,CHERRY CREEK 5940 DEDENVER              CO,2.0,"000004631   3172812059
CHERRY CREEK 5940 DENP594027 DENP
DENVER
CO
Description : 7523 Price : 0.02
3172812059",CHERRY CREEK 5940 DEDENVER              CO,3000 EAST 1ST AVE SUITE 296,"DENVER
CO",80206,UNITED STATES,320261200389818987,Transportation-Parking Charges,
04/29/2026,COST PLUS DRUGS     LAKELAND            FL,12.16,"CH_3TRUB3AB +18339263384
COST PLUS DRUGS
LAKELAND
FL
+18339263384",COST PLUS DRUGS     LAKELAND            FL,500 EAGLES LNDG DR,"LAKELAND
FL",33810,UNITED STATES,320261190363869358,Merchandise & Supplies-Pharmacies,
04/29/2026,LULULEMON CHERRY CREDENVER              CO,97.14,"198113     198113           80206
LULULEMON CHERRY CRE
DENVER
CO
198113           80206",LULULEMON CHERRY CREDENVER              CO,3000 EAST FIRST AVE,"DENVER
CO",80206,UNITED STATES,320261200397804352,Merchandise & Supplies-Sporting Goods Stores,
04/29/2026,MCDONALD'S F11370 00EDGEWATER           CO,6.48,"000582236   3032371070
MCDONALD'S F11370 000000000153647
EDGEWATER
CO
3032371070",MCDONALD'S F11370 00EDGEWATER           CO,1701 SHERIDAN BLVD,"EDGEWATER
CO",80214,UNITED STATES,320261200397898472,Restaurant-Bar & Café,
04/27/2026,NYTimes.COM NY TIMES(800)698-4637       NY,26.5,"3E4CF7BBA94 ONLINE SUBS
NYTimes.COM NY TIMES DIGITAL
(800)698-4637
NY
ONLINE SUBS",NYTimes.COM NY TIMES(800)698-4637       NY,"620 8TH AVE
BSMT 1","NEW YORK
NY",10018-1604,UNITED STATES,320261180343196680,Merchandise & Supplies-Mail Order,
04/27/2026,Platinum Digital Entertainment Credit,-25.0,"NYTimes.COM NY TIMES DIGI
Platinum Digital Entertainment Credit
",Platinum Digital Entertainment Credit,,,,,320261190350394652,Fees & Adjustments-Fees & Adjustments,
04/24/2026,GOOGLE *GOOGLE ONE  G.CO/HELPPAY#       CA,8.4,"A160F7RK    COMPUTER STORE
GOOGLE *GOOGLE ONE
G.CO/HELPPAY#
CA
COMPUTER STORE",GOOGLE *GOOGLE ONE  G.CO/HELPPAY#       CA,1600 AMPHITHEATRE PKWY,"MOUNTAIN VIEW
CA",94043,UNITED STATES,320261160287749752,Business Services-Internet Services,
04/23/2026,UBER EATS           help.uber.com       CA,42.55,"CMRAPD53   PWV2AWNJ         94158
UBER EATS
help.uber.com
CA
PWV2AWNJ         94158",UBER EATS           help.uber.com       CA,"1515 3rd Street
-","SAN FRANCISCO
CA",94158,UNITED STATES,320261130182728889,Restaurant-Restaurant,
04/23/2026,UBER,10.34,"APNH3WKM   YDM2GFYM         43215
Uber Trip
help.uber.com
CA
YDM2GFYM         43215",Uber Trip           help.uber.com       CA,"1515 3rd Street
4TH FLOOR","SAN FRANCISCO
CA",94158,UNITED STATES,320261130180802838,Transportation-Taxis & Coach,
04/20/2026,AMEX CLEAR PLUS CREDIT,-169.0,"CLEAR *CLEARME.COM
AMEX CLEAR PLUS CREDIT
",AMEX CLEAR PLUS CREDIT,,,,,320261110114047269,Fees & Adjustments-Fees & Adjustments,
04/20/2026,CLEAR *CLEARME.COM  NEW YORK            NY,169.0,"CH_3TODI9C8 +18552532763
CLEAR *CLEARME.COM
NEW YORK
NY
+18552532763",CLEAR *CLEARME.COM  NEW YORK            NY,"10TH FLOOR
85 TENTH AVENUE","NEW YORK
NY",10011,UNITED STATES,320261100100949032,Business Services-Professional Services,
04/19/2026,SHERIDAN VALERO 0000LAKEWOOD            CO,132.67,"000239477   9999999999
SHERIDAN VALERO 000000000821186
LAKEWOOD
CO
9999999999",SHERIDAN VALERO 0000LAKEWOOD            CO,1 VALERO WAY,"SAN ANTONIO
TX",78249,UNITED STATES,320261100108699660,Transportation-Fuel,
04/15/2026,ROCKET 6546 09439910DENVER              CO,3.56,"12108824393 ROCKET 6546
ROCKET 6546 09439910
DENVER
CO
ROCKET 6546",ROCKET 6546 09439910DENVER              CO,411 SOUTH KEELER,"BARTLESVILLE
OK",74004,UNITED STATES,320261060979879440,Transportation-Fuel,
04/12/2026,BANFIELD WELLNESS PGRM,44.95,"50272691519 866-894-7927
BANFIELD PET HOSPITAL
VANCOUVER
WA
Description : CONTINUITY/SUBSCRIP Price : 0.00
866-894-7927",BANFIELD PET HOSPITAVANCOUVER           WA,8000 NORTH EAST TILLAMOOK ST,"PORTLAND
OR",97213-6655,UNITED STATES,320261020853527590,Business Services-Health Care Services,
04/12/2026,ONLINE PAYMENT - THANK YOU,-2378.13,"ONLINE PAYMENT - THANK YOU
",ONLINE PAYMENT - THANK YOU,,,,,320261020820914143,,
04/12/2026,SHERIDAN VALERO 0000LAKEWOOD            CO,118.69,"000220887   9999999999
SHERIDAN VALERO 000000000821186
LAKEWOOD
CO
9999999999",SHERIDAN VALERO 0000LAKEWOOD            CO,1 VALERO WAY,"SAN ANTONIO
TX",78249,UNITED STATES,320261030902466800,Transportation-Fuel,
04/10/2026,OCULUS *ZLNRJK5ZH2  OCULUS.COM          CA,8.4,"26559842340 DIGITALGOODS
OCULUS *ZLNRJK5ZH2
OCULUS.COM
CA
DIGITALGOODS",OCULUS *ZLNRJK5ZH2  OCULUS.COM          CA,1 HACKER WAY BLDG 10,"MENLO PARK
CA",94025-1456,UNITED STATES,320261000794887486,Merchandise & Supplies-Internet Purchase,
04/10/2026,SHERIDAN VALERO 0000LAKEWOOD            CO,65.64,"000215912   9999999999
SHERIDAN VALERO 000000000821186
LAKEWOOD
CO
9999999999",SHERIDAN VALERO 0000LAKEWOOD            CO,1 VALERO WAY,"SAN ANTONIO
TX",78249,UNITED STATES,320261010846085778,Transportation-Fuel,
04/10/2026,SHERIDAN VALERO 0000LAKEWOOD            CO,118.69,"000215908   9999999999
SHERIDAN VALERO 000000000821186
LAKEWOOD
CO
9999999999",SHERIDAN VALERO 0000LAKEWOOD            CO,1 VALERO WAY,"SAN ANTONIO
TX",78249,UNITED STATES,320261010843904017,Transportation-Fuel,
04/07/2026,COST PLUS DRUGS     LAKELAND            FL,12.16,"CH_3TJWYBAB +18339263384
COST PLUS DRUGS
LAKELAND
FL
+18339263384",COST PLUS DRUGS     LAKELAND            FL,500 EAGLES LNDG DR,"LAKELAND
FL",33810,UNITED STATES,320260970713798072,Merchandise & Supplies-Pharmacies,
04/06/2026,GOOGLE *YOUTUBE     G.CO/HELPPAY#       CA,8.72,"A15QZFCF    SELLER
GOOGLE *YOUTUBE
G.CO/HELPPAY#
CA
SELLER",GOOGLE *YOUTUBE     G.CO/HELPPAY#       CA,1600 AMPHITHEATRE PKWY,"MOUNTAIN VIEW
CA",94043,UNITED STATES,320260970715294998,Business Services-Internet Services,
04/03/2026,SPOTIFY P4112DFBB9 6NEW YORK            NY,14.18,"P4112DFBB9  SUPPORT@SPOTIFY.COM
SPOTIFY P4112DFBB9 685603
NEW YORK
NY
SUPPORT@SPOTIFY.COM",SPOTIFY P4112DFBB9 6NEW YORK            NY,"4 WORLD TRADE
CTR 150 GREENWICH ST","NEW YORK
NY",10007,UNITED STATES,320260930595259484,Communications-Cable & Internet Comm,
04/01/2026,SHERIDAN VALERO 0000LAKEWOOD            CO,121.92,"000195668   9999999999
SHERIDAN VALERO 000000000821186
LAKEWOOD
CO
9999999999",SHERIDAN VALERO 0000LAKEWOOD            CO,1 VALERO WAY,"SAN ANTONIO
TX",78249,UNITED STATES,320260920584288679,Transportation-Fuel,
03/30/2026,NYTimes.COM NY TIMES(800)698-4637       NY,26.5,"ED45CE84542 ONLINE SUBS
NYTimes.COM NY TIMES DIGITAL
(800)698-4637
NY
ONLINE SUBS",NYTimes.COM NY TIMES(800)698-4637       NY,"620 8TH AVE
BSMT 1","NEW YORK
NY",10018-1604,UNITED STATES,320260900522382962,Merchandise & Supplies-Mail Order,
03/24/2026,GOOGLE *GOOGLE ONE  G.CO/HELPPAY#       CA,4.2,"A15JB9CE    SELLER
GOOGLE *GOOGLE ONE
G.CO/HELPPAY#
CA
SELLER",GOOGLE *GOOGLE ONE  G.CO/HELPPAY#       CA,1600 AMPHITHEATRE PKWY,"MOUNTAIN VIEW
CA",94043,UNITED STATES,320260860406379754,Business Services-Internet Services,
03/24/2026,SHERIDAN VALERO 0000LAKEWOOD            CO,51.23,"000177459   9999999999
SHERIDAN VALERO 000000000821186
LAKEWOOD
CO
9999999999",SHERIDAN VALERO 0000LAKEWOOD            CO,1 VALERO WAY,"SAN ANTONIO
TX",78249,UNITED STATES,320260840345159361,Transportation-Fuel,
03/24/2026,TARGET              EDGEWATER           CO,10.0,"001082965   612-3044357
TARGET
EDGEWATER
CO
Description : SEE INVOICE Price : 0.1
612-3044357",TARGET              EDGEWATER           CO,1985 SHERIDAN BLVD,"EDGEWATER
CO",80214,UNITED STATES,320260840347780878,Merchandise & Supplies-Wholesale Stores,
03/21/2026,SHERIDAN VALERO 0000LAKEWOOD            CO,97.09,"000169922   9999999999
SHERIDAN VALERO 000000000821186
LAKEWOOD
CO
9999999999",SHERIDAN VALERO 0000LAKEWOOD            CO,1 VALERO WAY,"SAN ANTONIO
TX",78249,UNITED STATES,320260810261939344,Transportation-Fuel,
03/20/2026,MOUNTAIR LIQUORS 00-LAKEWOOD            CO,11.81,"31099536079 LIQUOR STORE
MOUNTAIR LIQUORS 00-08046113612
LAKEWOOD
CO
LIQUOR STORE",MOUNTAIR LIQUORS 00-LAKEWOOD            CO,5246 WEST COLFAX AVE,"DENVER
CO",80214,UNITED STATES,320260800230103198,Merchandise & Supplies-Groceries,
03/20/2026,SHERIDAN VALERO 0000LAKEWOOD            CO,48.54,"000165969   9999999999
SHERIDAN VALERO 000000000821186
LAKEWOOD
CO
9999999999",SHERIDAN VALERO 0000LAKEWOOD            CO,1 VALERO WAY,"SAN ANTONIO
TX",78249,UNITED STATES,320260800235606625,Transportation-Fuel,
03/18/2026,CO MOTOR VEHICLE SER303-534-3468        CO,879.35,"414964416   303-534-3468
CO MOTOR VEHICLE SERVICE
303-534-3468
CO
Description : CO MOTOR VEHICLE SE Price : 0.00
303-534-3468",CO MOTOR VEHICLE SER303-534-3468        CO,"STE 2150 SOUTH
600 17TH ST","DENVER
CO",80202,UNITED STATES,320260780170986136,Other-Government Services,
03/17/2026,DRAGEN VAPE         LAKEWOOD            CO,112.84,"72700020    720-280-3063
DRAGEN VAPE
LAKEWOOD
CO
Description : TOBACCO/ACC Price : 0.00
720-280-3063",DRAGEN VAPE         LAKEWOOD            CO,5200 WEST COLFAX AVE,"LAKEWOOD
CO",80214,UNITED STATES,320260770136010136,Merchandise & Supplies-General Retail,
03/16/2026,AMAZON MARKEPLACE NA PA,88.17,"MJOI2YZHWE6 MERCHANDISE
AMAZON MARKETPLACE NA PA
AMZN.COM/BILL
WA
MERCHANDISE",AMAZON MARKETPLACE NAMZN.COM/BILL       WA,410 TERRY AVE N,"SEATTLE
WA",98109,UNITED STATES,320260750070745827,Merchandise & Supplies-Internet Purchase,
03/16/2026,BESTBUYMKT8071549229RICHFIELD           MN,130.16,"BBY03-80715 888BESTBUY
BESTBUYMKT807154922980 50300015644
RICHFIELD
MN
Description : BBY03-807154922980 Price : 0.00
888BESTBUY",BESTBUYMKT8071549229RICHFIELD           MN,7601 PENN AVE SOUTH,"RICHFIELD
MN",55423,UNITED STATES,320260750066813082,Merchandise & Supplies-Internet Purchase,
03/15/2026,SHERIDAN VALERO 0000LAKEWOOD            CO,100.31,"000154608   9999999999
SHERIDAN VALERO 000000000821186
LAKEWOOD
CO
9999999999",SHERIDAN VALERO 0000LAKEWOOD            CO,1 VALERO WAY,"SAN ANTONIO
TX",78249,UNITED STATES,320260750085957987,Transportation-Fuel,
03/14/2026,COST PLUS DRUGS     LAKELAND            FL,12.16,"CH_3TAOBOAB +18339263384
COST PLUS DRUGS
LAKELAND
FL
+18339263384",COST PLUS DRUGS     LAKELAND            FL,500 EAGLES LNDG DR,"LAKELAND
FL",33810,UNITED STATES,320260730020840293,Merchandise & Supplies-Pharmacies,
03/14/2026,DRAGEN VAPE         LAKEWOOD            CO,53.73,"72100034    720-280-3063
DRAGEN VAPE
LAKEWOOD
CO
Description : TOBACCO/ACC Price : 0.00
720-280-3063",DRAGEN VAPE         LAKEWOOD            CO,5200 WEST COLFAX AVE,"LAKEWOOD
CO",80214,UNITED STATES,320260740052723032,Merchandise & Supplies-General Retail,
03/14/2026,SHERIDAN VALERO 0000LAKEWOOD            CO,60.93,"000152752   9999999999
SHERIDAN VALERO 000000000821186
LAKEWOOD
CO
9999999999",SHERIDAN VALERO 0000LAKEWOOD            CO,1 VALERO WAY,"SAN ANTONIO
TX",78249,UNITED STATES,320260740058776358,Transportation-Fuel,
03/12/2026,BANFIELD WELLNESS PGRM,44.95,"50271291138 866-894-7927
BANFIELD PET HOSPITAL
VANCOUVER
WA
Description : CONTINUITY/SUBSCRIP Price : 0.00
866-894-7927",BANFIELD PET HOSPITAVANCOUVER           WA,8000 NORTH EAST TILLAMOOK ST,"PORTLAND
OR",97213-6655,UNITED STATES,320260710954836226,Business Services-Health Care Services,
03/12/2026,ONLINE PAYMENT - THANK YOU,-1731.93,"ONLINE PAYMENT - THANK YOU
",ONLINE PAYMENT - THANK YOU,,,,,320260710947563066,,
03/11/2026,UBER EATS           help.uber.com       CA,60.53,"3YS7SRGF   WUA3AH3T         94103
UBER EATS
help.uber.com
CA
WUA3AH3T         94103",UBER EATS           help.uber.com       CA,"1515 3rd Street
-","SAN FRANCISCO
CA",94158,UNITED STATES,320260700929127170,Restaurant-Restaurant,
03/08/2026,UBER EATS           help.uber.com       CA,31.68,"4ZE6ZSBQ   VZVTEUVN         94103
UBER EATS
help.uber.com
CA
VZVTEUVN         94103",UBER EATS           help.uber.com       CA,"1515 3rd Street
-","SAN FRANCISCO
CA",94158,UNITED STATES,320260670839575963,Restaurant-Restaurant,
03/07/2026,DRAGEN VAPE         LAKEWOOD            CO,107.47,"72700013    720-280-3063
DRAGEN VAPE
LAKEWOOD
CO
Description : TOBACCO/ACC Price : 0.00
720-280-3063",DRAGEN VAPE         LAKEWOOD            CO,5200 WEST COLFAX AVE,"LAKEWOOD
CO",80214,UNITED STATES,320260670850720448,Merchandise & Supplies-General Retail,
03/06/2026,GOOGLE *YOUTUBE     G.CO/HELPPAY#       CA,8.72,"A1586HUM    CABLE & PAY TV
GOOGLE *YOUTUBE
G.CO/HELPPAY#
CA
CABLE & PAY TV",GOOGLE *YOUTUBE     G.CO/HELPPAY#       CA,1600 AMPHITHEATRE PKWY,"MOUNTAIN VIEW
CA",94043,UNITED STATES,320260660823800102,Business Services-Internet Services,
03/06/2026,TARGET              EDGEWATER           CO,0.57,"001093719   612-3044357
TARGET
EDGEWATER
CO
Description : SEE INVOICE Price : 0.0057
612-3044357",TARGET              EDGEWATER           CO,1985 SHERIDAN BLVD,"EDGEWATER
CO",80214,UNITED STATES,320260660829802854,Merchandise & Supplies-Wholesale Stores,
03/04/2026,SHERIDAN VALERO 0000LAKEWOOD            CO,48.54,"000126849   9999999999
SHERIDAN VALERO 000000000821186
LAKEWOOD
CO
9999999999",SHERIDAN VALERO 0000LAKEWOOD            CO,1 VALERO WAY,"SAN ANTONIO
TX",78249,UNITED STATES,320260640770888317,Transportation-Fuel,
03/03/2026,SPOTIFY P3FF9E5886 6NEW YORK            NY,14.18,"P3FF9E5886  SUPPORT@SPOTIFY.COM
SPOTIFY P3FF9E5886 685603
NEW YORK
NY
SUPPORT@SPOTIFY.COM",SPOTIFY P3FF9E5886 6NEW YORK            NY,"4 WORLD TRADE
CTR 150 GREENWICH ST","NEW YORK
NY",10007,UNITED STATES,320260620699238751,Communications-Cable & Internet Comm,
03/02/2026,LULULEMON CHERRY CREDENVER              CO,97.14,"223595     223595           80206
LULULEMON CHERRY CRE
DENVER
CO
223595           80206",LULULEMON CHERRY CREDENVER              CO,3000 EAST FIRST AVE,"DENVER
CO",80206,UNITED STATES,320260620713539342,Merchandise & Supplies-Sporting Goods Stores,
03/02/2026,NYTimes.COM NY TIMES(800)698-4637       NY,26.5,"E84CE080C23 ONLINE SUBS
NYTimes.COM NY TIMES DIGITAL
(800)698-4637
NY
ONLINE SUBS",NYTimes.COM NY TIMES(800)698-4637       NY,"620 8TH AVE
BSMT 1","NEW YORK
NY",10018-1604,UNITED STATES,320260620718259540,Merchandise & Supplies-Mail Order,
03/02/2026,Platinum Digital Entertainment Credit,-25.0,"NYTimes.COM NY TIMES DIGI
Platinum Digital Entertainment Credit
",Platinum Digital Entertainment Credit,,,,,320260630723327314,Fees & Adjustments-Fees & Adjustments,
02/28/2026,Platinum Uber One Credit,-9.99,"UBER ONE
Platinum Uber One Credit
",Platinum Uber One Credit,,,,,320260600630896741,Fees & Adjustments-Fees & Adjustments,
02/28/2026,UBER ONE            help.uber.com       CA,9.99,"0V5A1RFJ    8005928996
UBER ONE
help.uber.com
CA
8005928996",UBER ONE            help.uber.com       CA,1515 3rd Street,"SAN FRANCISCO
CA",94158,UNITED STATES,320260590612424967,Transportation-Taxis & Coach,
02/26/2026,DRAGEN VAPE         LAKEWOOD            CO,53.73,"72900008    720-280-3063
DRAGEN VAPE
LAKEWOOD
CO
Description : TOBACCO/ACC Price : 0.00
720-280-3063",DRAGEN VAPE         LAKEWOOD            CO,5200 WEST COLFAX AVE,"LAKEWOOD
CO",80214,UNITED STATES,320260580585606770,Merchandise & Supplies-General Retail,
02/26/2026,GOOGLE *GOOGLE ONE  G.CO/HELPPAY#       CA,-1.16,"A0ZTXEFC    LARGE DIGITAL GOODS M
LARGE DIGITAL GOODS MERCH
GOOGLE *GOOGLE ONE
G.CO/HELPPAY#
CA
LARGE DIGITAL GOODS MERCH",GOOGLE *GOOGLE ONE  G.CO/HELPPAY#       CA,1600 AMPHITHEATRE PKWY,"MOUNTAIN VIEW
CA",94043,UNITED STATES,320260570566766746,Business Services-Internet Services,
02/26/2026,GOOGLE *GOOGLE ONE  G.CO/HELPPAY#       CA,4.2,"A152W8SE    SELLER
GOOGLE *GOOGLE ONE
G.CO/HELPPAY#
CA
SELLER",GOOGLE *GOOGLE ONE  G.CO/HELPPAY#       CA,1600 AMPHITHEATRE PKWY,"MOUNTAIN VIEW
CA",94043,UNITED STATES,320260580594134562,Business Services-Internet Services,
02/26/2026,SHERIDAN VALERO 0000LAKEWOOD            CO,118.69,"000114696   9999999999
SHERIDAN VALERO 000000000821186
LAKEWOOD
CO
9999999999",SHERIDAN VALERO 0000LAKEWOOD            CO,1 VALERO WAY,"SAN ANTONIO
TX",78249,UNITED STATES,320260580593401225,Transportation-Fuel,
02/24/2026,PETSMART # 0230 0230LAKEWOOD            CO,35.0,"16386510301 888-839-9638
PETSMART # 0230 0230
LAKEWOOD
CO
Description : PETS/SUPPLIES/ACC Price : 0.00
888-839-9638",PETSMART # 0230 0230LAKEWOOD            CO,160 WADSWORTH BLVD,"DENVER
CO",80226,UNITED STATES,320260560528056939,Merchandise & Supplies-General Retail,
02/21/2026,DRAGEN VAPE         LAKEWOOD            CO,106.94,"72900038    720-280-3063
DRAGEN VAPE
LAKEWOOD
CO
Description : TOBACCO/ACC Price : 0.00
720-280-3063",DRAGEN VAPE         LAKEWOOD            CO,5200 WEST COLFAX AVE,"LAKEWOOD
CO",80214,UNITED STATES,320260530450102981,Merchandise & Supplies-General Retail,
02/21/2026,SHERIDAN VALERO 0000LAKEWOOD            CO,75.26,"000106286   9999999999
SHERIDAN VALERO 000000000821186
LAKEWOOD
CO
9999999999",SHERIDAN VALERO 0000LAKEWOOD            CO,1 VALERO WAY,"SAN ANTONIO
TX",78249,UNITED STATES,320260530458639368,Transportation-Fuel,
02/19/2026,TARGET              EDGEWATER           CO,10.45,"001089808   612-3044357
TARGET
EDGEWATER
CO
Description : SEE INVOICE Price : 0.1045
612-3044357",TARGET              EDGEWATER           CO,1985 SHERIDAN BLVD,"EDGEWATER
CO",80214,UNITED STATES,320260510403744866,Merchandise & Supplies-Wholesale Stores,
02/19/2026,TARGET              EDGEWATER           CO,14.03,"000722929   612-3044357
TARGET
EDGEWATER
CO
Description : SEE INVOICE Price : 0.1403
612-3044357",TARGET              EDGEWATER           CO,1985 SHERIDAN BLVD,"EDGEWATER
CO",80214,UNITED STATES,320260510403750520,Merchandise & Supplies-Wholesale Stores,
02/18/2026,COST PLUS DRUGS     LAKELAND            FL,56.17,"CH_3T2QZMAB +18339263384
COST PLUS DRUGS
LAKELAND
FL
+18339263384",COST PLUS DRUGS     LAKELAND            FL,500 EAGLES LNDG DR,"LAKELAND
FL",33810,UNITED STATES,320260500366909206,Merchandise & Supplies-Pharmacies,
02/17/2026,EDGEWATER ACE HDWE 1EDGEWATER           CO,50.73,"003138      303-233-4810
EDGEWATER ACE HDWE 11439
EDGEWATER
CO
Description : HARDWARE/TOOLS Price : 0.00
303-233-4810",EDGEWATER ACE HDWE 1EDGEWATER           CO,1977 SHERIDAN BLVD,"EDGEWATER
CO",80214,UNITED STATES,320260490340414981,Merchandise & Supplies-Hardware Supplies,
02/16/2026,EDGEWATER ACE HDWE 1EDGEWATER           CO,4.85,"150348      303-233-4810
EDGEWATER ACE HDWE 11439
EDGEWATER
CO
Description : HARDWARE/TOOLS Price : 0.00
303-233-4810",EDGEWATER ACE HDWE 1EDGEWATER           CO,1977 SHERIDAN BLVD,"EDGEWATER
CO",80214,UNITED STATES,320260480310579958,Merchandise & Supplies-Hardware Supplies,
02/16/2026,KING SOOPERS        EDGEWATER           CO,11.73,"999999960478774154647
GROCERY STORES
KING SOOPERS
EDGEWATER
CO
GROCERY STORES
8774154647",KING SOOPERS        EDGEWATER           CO,1725 SHERIDAN BLVD,"EDGEWATER
CO",80214,UNITED STATES,320260480319432640,Merchandise & Supplies-Groceries,
02/16/2026,SHERIDAN VALERO 0000LAKEWOOD            CO,10.0,"000097173   9999999999
SHERIDAN VALERO 000000000821186
LAKEWOOD
CO
9999999999",SHERIDAN VALERO 0000LAKEWOOD            CO,1 VALERO WAY,"SAN ANTONIO
TX",78249,UNITED STATES,320260480318459601,Transportation-Fuel,
02/16/2026,SP ELEMENT BROOKLYN BROOKLYN            NY,55.66,"CH_3T1TVAF3 +13477661733
SP ELEMENT BROOKLYN
BROOKLYN
NY
+13477661733",SP ELEMENT BROOKLYN BROOKLYN            NY,"75 STEWART AVE
106","BROOKLYN
NY",11237,UNITED STATES,320260470271188310,Merchandise & Supplies-Department Stores,
02/16/2026,WAL-MART SUPERCENTERHIGHLANDS RANCH     CO,2.69,"60489906715 DISCOUNT STORE
WAL-MART SUPERCENTER 1252 1252
HIGHLANDS RANCH
CO
DISCOUNT STORE",WAL-MART SUPERCENTERHIGHLANDS RANCH     CO,6675 BUSINESS CTR DR,"HIGHLANDS RANCH
CO",80130,UNITED STATES,320260480310415828,Merchandise & Supplies-Wholesale Stores,
02/16/2026,WAL-MART SUPERCENTERHIGHLANDS RANCH     CO,37.26,"60489606714 DISCOUNT STORE
WAL-MART SUPERCENTER 1252 1252
HIGHLANDS RANCH
CO
DISCOUNT STORE",WAL-MART SUPERCENTERHIGHLANDS RANCH     CO,6675 BUSINESS CTR DR,"HIGHLANDS RANCH
CO",80130,UNITED STATES,320260480310385919,Merchandise & Supplies-Wholesale Stores,
02/15/2026,SHERIDAN VALERO 0000LAKEWOOD            CO,78.27,"000095347   9999999999
SHERIDAN VALERO 000000000821186
LAKEWOOD
CO
9999999999",SHERIDAN VALERO 0000LAKEWOOD            CO,1 VALERO WAY,"SAN ANTONIO
TX",78249,UNITED STATES,320260470290956008,Transportation-Fuel,
02/14/2026,COLORADODRIVERS.COOPDENVER              CO,70.0,"CH_3T0UH7RI +18448182384
COLORADODRIVERS.COOP
DENVER
CO
+18448182384",COLORADODRIVERS.COOPDENVER              CO,1562 SOUTH PARKER RD,"DENVER
CO",80231,UNITED STATES,320260460260695757,Transportation-Taxis & Coach,
02/13/2026,COLORADODRIVERS.COOPDENVER              CO,13.36,"CH_3T0A8WRI +18448182384
COLORADODRIVERS.COOP
DENVER
CO
+18448182384",COLORADODRIVERS.COOPDENVER              CO,1562 SOUTH PARKER RD,"DENVER
CO",80231,UNITED STATES,320260450236481478,Transportation-Taxis & Coach,
02/13/2026,Platinum Resy Credit,-100.0,"TST* CARNE 00192968
Platinum Resy Credit
",Platinum Resy Credit,,,,,320260470265980066,Fees & Adjustments-Fees & Adjustments,
02/13/2026,TST* CARNE 00192968 DENVER              CO,161.86,"21105176045 RESTAURANT
TST* CARNE 00192968
DENVER
CO
RESTAURANT",TST* CARNE 00192968 DENVER              CO,4751 BROADWAY,"DENVER
CO",80216,UNITED STATES,320260450219347185,Restaurant-Restaurant,
02/12/2026,BANFIELD WELLNESS PGRM,44.95,"50269701516 866-894-7927
BANFIELD PET HOSPITAL
VANCOUVER
WA
Description : CONTINUITY/SUBSCRIP Price : 0.00
866-894-7927",BANFIELD PET HOSPITAVANCOUVER           WA,8000 NORTH EAST TILLAMOOK ST,"PORTLAND
OR",97213-6655,UNITED STATES,320260430158382288,Business Services-Health Care Services,
02/12/2026,RF *ZZ DETAILS LLC  DENVER              CO,379.0,"00040754   JOB6325          80209
INTERIOR & EXTERIOR
PREMIUM PAINT WAX
RF *ZZ DETAILS LLC
DENVER
CO
INTERIOR & EXTERIOR
PREMIUM PAINT WAX
JOB6325          80209",RF *ZZ DETAILS LLC  DENVER              CO,1091 EAST BAYAUD AVE,"DENVER
CO",80209,UNITED STATES,320260440198708159,Business Services-Other Services,
02/12/2026,SHERIDAN VALERO 0000LAKEWOOD            CO,67.95,"000089165   9999999999
SHERIDAN VALERO 000000000821186
LAKEWOOD
CO
9999999999",SHERIDAN VALERO 0000LAKEWOOD            CO,1 VALERO WAY,"SAN ANTONIO
TX",78249,UNITED STATES,320260440198125324,Transportation-Fuel,
02/12/2026,UBER EATS           help.uber.com       CA,26.18,"MMCS6AD8   RYZ6KVIH         94103
UBER EATS
help.uber.com
CA
RYZ6KVIH         94103",UBER EATS           help.uber.com       CA,"1515 3rd Street
-","SAN FRANCISCO
CA",94158,UNITED STATES,320260440190671699,Restaurant-Restaurant,
02/10/2026,UBER,47.33,"0CM82QXM   HUAK5TQN         80204
Uber Trip
help.uber.com
CA
HUAK5TQN         80204",Uber Trip           help.uber.com       CA,"1515 3rd Street
4TH FLOOR","SAN FRANCISCO
CA",94158,UNITED STATES,320260410107418112,Transportation-Taxis & Coach,
02/09/2026,SWEET AND SMOKY 5546SAN DIEGO           CA,84.73,"73055466041 NAAMATHANDLO@GMAIL.CO
NAAMATHANDLO@GMAIL.COM
SWEET AND SMOKY 554630119876731
SAN DIEGO
CA
NAAMATHANDLO@GMAIL.COM",SWEET AND SMOKY 5546SAN DIEGO           CA,1040 GARNET AVE,"SAN DIEGO
CA",92109,UNITED STATES,320260410099033211,Merchandise & Supplies-General Retail,
02/07/2026,GOOGLE *YOUTUBE     G.CO/HELPPAY#       CA,8.72,"A14S9PT9    VIDEO RENTAL STORE
GOOGLE *YOUTUBE
G.CO/HELPPAY#
CA
VIDEO RENTAL STORE",GOOGLE *YOUTUBE     G.CO/HELPPAY#       CA,1600 AMPHITHEATRE PKWY,"MOUNTAIN VIEW
CA",94043,UNITED STATES,320260380029817140,Business Services-Internet Services,
02/05/2026,AMAZON.COM          AMZN.COM/BILL       WA,14.94,"UOXRHRAKN92 MERCHANDISE
AMAZON.COM
AMZN.COM/BILL
WA
MERCHANDISE",AMAZON.COM          AMZN.COM/BILL       WA,410 TERRY AVE N,"SEATTLE
WA",98109,UNITED STATES,320260370009783550,Merchandise & Supplies-Internet Purchase,
02/05/2026,AMAZON.COM          AMZN.COM/BILL       WA,31.38,"5EXLT8OZG15 MERCHANDISE
AMAZON.COM
AMZN.COM/BILL
WA
MERCHANDISE",AMAZON.COM          AMZN.COM/BILL       WA,410 TERRY AVE N,"SEATTLE
WA",98109,UNITED STATES,320260370009783555,Merchandise & Supplies-Internet Purchase,
02/05/2026,AMAZON.COM          AMZN.COM/BILL       WA,39.57,"1V2HQ1XYU6M MERCHANDISE
AMAZON.COM
AMZN.COM/BILL
WA
MERCHANDISE",AMAZON.COM          AMZN.COM/BILL       WA,410 TERRY AVE N,"SEATTLE
WA",98109,UNITED STATES,320260370006820305,Merchandise & Supplies-Internet Purchase,
02/05/2026,UBER,10.95,"2EQS0SFA   BKBTID23         92109
Uber Trip
help.uber.com
CA
BKBTID23         92109",Uber Trip           help.uber.com       CA,"1515 3rd Street
4TH FLOOR","SAN FRANCISCO
CA",94158,UNITED STATES,320260360968912816,Transportation-Taxis & Coach,
02/03/2026,7-ELEVEN 22063 00072LAKEWOOD            CO,13.95,"630200204 7 303-237-8643
7-ELEVEN 22063 00072206334
LAKEWOOD
CO
Description : GAS/MSC97  63206334 Price : 0.1395
303-237-8643",7-ELEVEN 22063 00072LAKEWOOD            CO,"CITY PLACE CTR EAST
2711 NORTH HASKELL AVE","DALLAS
TX",75204,UNITED STATES,320260350936542241,Merchandise & Supplies-Groceries,
02/03/2026,DRAGEN VAPE         LAKEWOOD            CO,139.71,"72300015    720-280-3063
DRAGEN VAPE
LAKEWOOD
CO
Description : TOBACCO/ACC Price : 0.00
720-280-3063",DRAGEN VAPE         LAKEWOOD            CO,5200 WEST COLFAX AVE,"LAKEWOOD
CO",80214,UNITED STATES,320260350945988260,Merchandise & Supplies-General Retail,
02/03/2026,SPOTIFY P3F002919F 6NEW YORK            NY,13.09,"P3F002919F  SUPPORT@SPOTIFY.COM
SPOTIFY P3F002919F 685603
NEW YORK
NY
SUPPORT@SPOTIFY.COM",SPOTIFY P3F002919F 6NEW YORK            NY,"4 WORLD TRADE
CTR 150 GREENWICH ST","NEW YORK
NY",10007,UNITED STATES,320260340906645095,Communications-Cable & Internet Comm,
02/02/2026,NYTimes.COM NY TIMES(800)698-4637       NY,4.24,"62401A908CE ONLINE SUBS
NYTimes.COM NY TIMES DIGITAL
(800)698-4637
NY
ONLINE SUBS",NYTimes.COM NY TIMES(800)698-4637       NY,"620 8TH AVE
BSMT 1","NEW YORK
NY",10018-1604,UNITED STATES,320260340922270197,Merchandise & Supplies-Mail Order,
02/02/2026,Platinum Digital Entertainment Credit,-4.24,"NYTimes.COM NY TIMES DIGI
Platinum Digital Entertainment Credit
",Platinum Digital Entertainment Credit,,,,,320260350930354012,Fees & Adjustments-Fees & Adjustments,
02/01/2026,7-ELEVEN 39853 00073SILVERTHORNE        CO,12.32,"730600202 7 970-468-0620
7-ELEVEN 39853 00073985301
SILVERTHORNE
CO
Description : GAS/MSC97  73605301 Price : 0.1232
970-468-0620",7-ELEVEN 39853 00073SILVERTHORNE        CO,"CITY PLACE CTR EAST
2711 NORTH HASKELL AVE","DALLAS
TX",75204,UNITED STATES,320260330880133686,Merchandise & Supplies-Groceries,
01/31/2026,Platinum Uber One Credit,-9.99,"UBER ONE
Platinum Uber One Credit
",Platinum Uber One Credit,,,,,320260320845781079,Fees & Adjustments-Fees & Adjustments,
01/31/2026,UBER ONE            help.uber.com       CA,9.99,"874Q57RK    8005928996
UBER ONE
help.uber.com
CA
8005928996",UBER ONE            help.uber.com       CA,1515 3rd Street,"SAN FRANCISCO
CA",94158,UNITED STATES,320260310827810092,Transportation-Taxis & Coach,
01/30/2026,7-ELEVEN 39033 00073SILVERTHORNE        CO,20.82,"560320131 7 970-468-7505
7-ELEVEN 39033 00073903301
SILVERTHORNE
CO
Description : GAS/MSC97  56323301 Price : 0.2082
970-468-7505",7-ELEVEN 39033 00073SILVERTHORNE        CO,"CITY PLACE CTR EAST
2711 NORTH HASKELL AVE","DALLAS
TX",75204,UNITED STATES,320260310825842582,Merchandise & Supplies-Groceries,
01/30/2026,BEAVER LIQUORS      AVON                CO,72.84,"85179276031970-949-5040
BEAVER LIQUORS
AVON
CO
970-949-5040",BEAVER LIQUORS      AVON                CO,110 EAST BEAVER CRK,"AVON
CO",81620,UNITED STATES,320260310822817406,Merchandise & Supplies-Groceries,
01/30/2026,SHERIDAN VALERO 0000LAKEWOOD            CO,77.67,"000066566   9999999999
SHERIDAN VALERO 000000000821186
LAKEWOOD
CO
9999999999",SHERIDAN VALERO 0000LAKEWOOD            CO,1 VALERO WAY,"SAN ANTONIO
TX",78249,UNITED STATES,320260310842467559,Transportation-Fuel,
01/28/2026,DRAGEN VAPE         LAKEWOOD            CO,53.73,"72100012    720-280-3063
DRAGEN VAPE
LAKEWOOD
CO
Description : TOBACCO/ACC Price : 0.00
720-280-3063",DRAGEN VAPE         LAKEWOOD            CO,5200 WEST COLFAX AVE,"LAKEWOOD
CO",80214,UNITED STATES,320260290780306041,Merchandise & Supplies-General Retail,
01/27/2026,ACTBLUE* CMPGN4DEMOCBOSTON              MA,50.0,"CH_3SUGEUHZ +16175177600
ACTBLUE* CMPGN4DEMOCRA
BOSTON
MA
+16175177600",ACTBLUE* CMPGN4DEMOCBOSTON              MA,366 SUMMER ST,"SOMERVILLE
MA",02144,UNITED STATES,320260270721875697,Business Services-Other Services,
01/25/2026,SHERIDAN VALERO 0000LAKEWOOD            CO,56.61,"000058492   9999999999
SHERIDAN VALERO 000000000821186
LAKEWOOD
CO
9999999999",SHERIDAN VALERO 0000LAKEWOOD            CO,1 VALERO WAY,"SAN ANTONIO
TX",78249,UNITED STATES,320260260708693768,Transportation-Fuel,
01/24/2026,ACTBLUE* JASMINE.CROBOSTON              MA,12.0,"CH_3STBNHHZ +16175177600
ACTBLUE* JASMINE.CROCK
BOSTON
MA
+16175177600",ACTBLUE* JASMINE.CROBOSTON              MA,366 SUMMER ST,"SOMERVILLE
MA",02144,UNITED STATES,320260240649661259,Business Services-Other Services,
01/24/2026,KING SOOPERS        EDGEWATER           CO,45.4,"999999960248774154647
GROCERY STORES
KING SOOPERS
EDGEWATER
CO
GROCERY STORES
8774154647",KING SOOPERS        EDGEWATER           CO,1725 SHERIDAN BLVD,"EDGEWATER
CO",80214,UNITED STATES,320260250691823738,Merchandise & Supplies-Groceries,
01/22/2026,ACTBLUE* EILEEN.LAUBBOSTON              MA,10.0,"CH_3SSCPQHZ +16175177600
ACTBLUE* EILEEN.LAUBAC
BOSTON
MA
+16175177600",ACTBLUE* EILEEN.LAUBBOSTON              MA,366 SUMMER ST,"SOMERVILLE
MA",02144,UNITED STATES,320260230633547562,Business Services-Other Services,
01/22/2026,ACTBLUE* FUND.THE.FUBOSTON              MA,10.0,"CH_3SSCWOHZ +16175177600
ACTBLUE* FUND.THE.FUTU
BOSTON
MA
+16175177600",ACTBLUE* FUND.THE.FUBOSTON              MA,366 SUMMER ST,"SOMERVILLE
MA",02144,UNITED STATES,320260230633552753,Business Services-Other Services,
01/22/2026,ACTBLUE* JAMES.TALARBOSTON              MA,6.0,"CH_3SSCLEHZ +16175177600
ACTBLUE* JAMES.TALARIC
BOSTON
MA
+16175177600",ACTBLUE* JAMES.TALARBOSTON              MA,366 SUMMER ST,"SOMERVILLE
MA",02144,UNITED STATES,320260230636858631,Business Services-Other Services,
01/22/2026,BEST BUY      003822GOLDEN              CO,-444.84,"007108418   888BESTBUY
BEST BUY      003822 29500003822
GOLDEN
CO
Description : ELEC SLS Price : 0.00
888BESTBUY",BEST BUY      003822GOLDEN              CO,1400 DENVER WEST BLVD,"GOLDEN
CO",80401,UNITED STATES,320260230632923035,Merchandise & Supplies-Electronics Stores,
01/22/2026,DRAGEN VAPE         LAKEWOOD            CO,113.92,"72900019    720-280-3063
DRAGEN VAPE
LAKEWOOD
CO
Description : TOBACCO/ACC Price : 0.00
720-280-3063",DRAGEN VAPE         LAKEWOOD            CO,5200 WEST COLFAX AVE,"LAKEWOOD
CO",80214,UNITED STATES,320260230630094343,Merchandise & Supplies-General Retail,
01/12/2026,AUTOPAY PAYMENT - THANK YOU,-53.35,"AUTOPAY PAYMENT - THANK YOU
",AUTOPAY PAYMENT - THANK YOU,,,,,320260120310672471,,
01/12/2026,BANFIELD WELLNESS PGRM,44.95,"50268133932 866-894-7927
BANFIELD PET HOSPITAL
VANCOUVER
WA
Description : CONTINUITY/SUBSCRIP Price : 0.00
866-894-7927",BANFIELD PET HOSPITAVANCOUVER           WA,8000 NORTH EAST TILLAMOOK ST,"PORTLAND
OR",97213-6655,UNITED STATES,320260120314608819,Business Services-Health Care Services,
01/12/2026,ONLINE PAYMENT - THANK YOU,-2667.51,"ONLINE PAYMENT - THANK YOU
",ONLINE PAYMENT - THANK YOU,,,,,320260120308861590,,
01/09/2026,JJ LIQUOR           EDGEWATER           CO,29.89,"71400096    303-238-6482
JJ LIQUOR
EDGEWATER
CO
Description : LIQUOR/BEVERAGES/SN Price : 0.00
303-238-6482",JJ LIQUOR           EDGEWATER           CO,1711 SHERIDAN BLVD,"DENVER
CO",80214,UNITED STATES,320260100273827521,Merchandise & Supplies-Groceries,
01/09/2026,SHERIDAN VALERO 0000LAKEWOOD            CO,64.73,"000033252   9999999999
SHERIDAN VALERO 000000000821186
LAKEWOOD
CO
9999999999",SHERIDAN VALERO 0000LAKEWOOD            CO,1 VALERO WAY,"SAN ANTONIO
TX",78249,UNITED STATES,320260100280248127,Transportation-Fuel,
01/09/2026,UBER EATS           help.uber.com       CA,29.61,"MKHJANT0   P2D6QCNR         94103
UBER EATS
help.uber.com
CA
P2D6QCNR         94103",UBER EATS           help.uber.com       CA,"1515 3rd Street
-","SAN FRANCISCO
CA",94158,UNITED STATES,320260090238502412,Restaurant-Restaurant,
01/07/2026,CHICK-FIL-A #03240 0EDGEWATER           CO,11.33,"000183689   3032743699
CHICK-FIL-A #03240 000000000563756
EDGEWATER
CO
3032743699",CHICK-FIL-A #03240 0EDGEWATER           CO,1901 SHERIDAN BLVD,"EDGEWATER
CO",80214,UNITED STATES,320260080219681519,Restaurant-Bar & Café,
01/07/2026,TARGET              EDGEWATER           CO,10.0,"001085591   612-3044357
TARGET
EDGEWATER
CO
Description : SEE INVOICE Price : 0.1
612-3044357",TARGET              EDGEWATER           CO,1985 SHERIDAN BLVD,"EDGEWATER
CO",80214,UNITED STATES,320260070176961471,Merchandise & Supplies-Wholesale Stores,
01/07/2026,TARGET              EDGEWATER           CO,33.61,"000793234   612-3044357
TARGET
EDGEWATER
CO
Description : SEE INVOICE Price : 0.3361
612-3044357",TARGET              EDGEWATER           CO,1985 SHERIDAN BLVD,"EDGEWATER
CO",80214,UNITED STATES,320260070177711324,Merchandise & Supplies-Wholesale Stores,
01/05/2026,AMAZON.COM          AMZN.COM/BILL       WA,20.95,"N2YKFK3EC0G MERCHANDISE
AMAZON.COM
AMZN.COM/BILL
WA
MERCHANDISE",AMAZON.COM          AMZN.COM/BILL       WA,410 TERRY AVE N,"SEATTLE
WA",98109,UNITED STATES,320260060164709529,Merchandise & Supplies-Internet Purchase,
01/05/2026,NYTimes.COM NY TIMES(800)698-4637       NY,4.24,"B6476FB0AC2 ONLINE SUBS
NYTimes.COM NY TIMES DIGITAL
(800)698-4637
NY
ONLINE SUBS",NYTimes.COM NY TIMES(800)698-4637       NY,"620 8TH AVE
BSMT 1","NEW YORK
NY",10018-1604,UNITED STATES,320260060170480937,Merchandise & Supplies-Mail Order,
01/05/2026,Platinum Digital Entertainment Credit,-4.24,"NYTimes.COM NY TIMES DIGI
Platinum Digital Entertainment Credit
",Platinum Digital Entertainment Credit,,,,,320260070174364549,Fees & Adjustments-Fees & Adjustments,
01/04/2026,AMEX Fine Hotels andAmexTravel.com      IL,-634.94,"FONTAINEBLE TRAVEL
LODGING
AMEX Fine Hotels and Resorts
AmexTravel.com
IL
From : 02/27/26
To : 03/01/26
LODGING
TRAVEL",AMEX Fine Hotels andAmexTravel.com      IL,"500 WEST MADISON ST
STE 1000","CHICAGO
IL",60661,UNITED STATES,320260040098067331,Travel-Travel Agencies,
01/04/2026,Platinum Hotel Credit,300.0,"AMEX Fine Hotels and Reso
Platinum Hotel Credit
",Platinum Hotel Credit,,,,,320260060145919027,Fees & Adjustments-Fees & Adjustments,
01/03/2026,SPOTIFY P3E0FA45B4 6NEW YORK            NY,13.09,"P3E0FA45B4  SUPPORT@SPOTIFY.COM
SPOTIFY P3E0FA45B4 685603
NEW YORK
NY
SUPPORT@SPOTIFY.COM",SPOTIFY P3E0FA45B4 6NEW YORK            NY,"4 WORLD TRADE
CTR 150 GREENWICH ST","NEW YORK
NY",10007,UNITED STATES,320260030073567655,Communications-Cable & Internet Comm,
